longitude,latitude,Indri_indri cloglog values
46.5833333333333,-23.4166666666667,7.447595E-4
46.0833333333333,-18.5833333333333,1.2344508E-7
45.9166666666667,-16.75,1.2775779E-5
49.25,-13.4166666666667,4.6210666E-6
48.0833333333333,-14.0833333333333,2.54117E-6
45.25,-24.0833333333333,2.7470765E-6
48.0833333333333,-20.9166666666667,8.7277E-4
43.75,-21.25,4.2684114E-8
43.25,-11.75,1.15546565E-4
44.9166666666667,-18.75,1.353415E-6
49.5833333333333,-15.25,0.0012611554
47.9166666666667,-21.75,9.699404E-4
46.9166666666667,-15.75,4.2721112E-7
46.4166666666667,-18.25,1.6006206E-7
47.75,-14.25,5.400973E-5
44.0833333333333,-20.9166666666667,7.850634E-8
46.9166666666667,-20.0833333333333,2.2879305E-4
48.75,-13.5833333333333,1.545653E-4
49.4166666666667,-14.4166666666667,1.2739726E-4
44.25,-24.0833333333333,7.187596E-6
48.9166666666667,-17.5833333333333,1.9307726E-4
46.4166666666667,-24.4166666666667,6.954323E-6
45.25,-22.25,2.1121524E-8
44.4166666666667,-18.0833333333333,4.3496084E-6
43.9166666666667,-21.25,4.3983658E-8
44.4166666666667,-12.25,6.559208E-5
46.4166666666667,-21.75,1.8826764E-6
43.9166666666667,-20.9166666666667,2.6191717E-7
47.75,-22.75,4.76863E-6
48.25,-13.9166666666667,9.1783084E-5
48.9166666666667,-13.75,4.7857688E-5
49.5833333333333,-15.0833333333333,0.0010973979
45.9166666666667,-20.75,8.363197E-8
45.9166666666667,-25.25,1.2591072E-6
40.0833333333333,-14.75,4.7239205E-6
47.5833333333333,-23.4166666666667,7.943805E-5
46.4166666666667,-24.9166666666667,3.1144623E-7
45.5833333333333,-22.0833333333333,1.6080457E-7
45.0833333333333,-21.0833333333333,8.58391E-9
46.25,-25.0833333333333,3.237896E-7
55.4166666666667,-20.9166666666667,4.0181773E-9
49.0833333333333,-14.5833333333333,2.715055E-5
48.5833333333333,-12.25,1.5606143E-7
44.25,-22.4166666666667,1.6194487E-7
44.4166666666667,-21.25,8.768822E-9
55.5833333333333,-21.4166666666667,8.319164E-10
44.25,-21.9166666666667,2.2664661E-8
45.9166666666667,-19.25,9.82483E-8
40.5833333333333,-13.0833333333333,6.6476787E-7
47.25,-19.4166666666667,2.6295822E-6
46.25,-22.5833333333333,6.102515E-6
49.5833333333333,-13.0833333333333,2.5952884E-6
45.5833333333333,-22.25,2.1044829E-7
46.75,-21.4166666666667,2.8371013E-4
46.9166666666667,-19.25,9.887738E-6
48.0833333333333,-19.9166666666667,0.0018228614
48.0833333333333,-16.0833333333333,4.897551E-6
45.4166666666667,-22.5833333333333,8.314001E-8
46.25,-23.5833333333333,1.2604448E-4
49.4166666666667,-15.75,4.0785476E-4
59.5833333333333,-16.75,9.545698E-13
40.25,-13.4166666666667,1.0855109E-6
44.75,-18.4166666666667,2.2287424E-5
44.5833333333333,-20.5833333333333,1.0981233E-8
48.0833333333333,-20.0833333333333,0.0010164751
45.25,-18.5833333333333,2.3970674E-8
49.25,-11.9166666666667,1.8567038E-6
40.5833333333333,-15.25,9.590165E-8
45.25,-12.9166666666667,4.4057174E-6
43.75,-24.25,5.34982E-5
50.0833333333333,-14.4166666666667,1.3369656E-7
44.0833333333333,-17.5833333333333,6.706599E-6
49.9166666666667,-14.4166666666667,1.3492952E-5
45.75,-17.0833333333333,2.602387E-7
46.75,-20.0833333333333,6.257179E-5
46.4166666666667,-23.25,4.075345E-4
43.75,-24.0833333333333,7.0686125E-5
46.9166666666667,-24.9166666666667,4.6939512E-8
48.5833333333333,-14.0833333333333,3.745308E-5
48.0833333333333,-18.4166666666667,0.0025465216
45.0833333333333,-22.25,1.0666904E-8
46.0833333333333,-17.5833333333333,1.2230716E-7
47.4166666666667,-19.9166666666667,1.9290665E-4
40.25,-14.75,3.912636E-6
55.5833333333333,-21.25,3.8461963E-9
49.9166666666667,-16.25,3.1909247E-5
47.0833333333333,-15.5833333333333,1.5799305E-6
46.9166666666667,-22.25,1.527858E-5
45.9166666666667,-22.5833333333333,6.27115E-6
47.0833333333333,-16.4166666666667,1.322077E-7
45.0833333333333,-17.5833333333333,9.1298904E-7
44.0833333333333,-22.4166666666667,1.5341811E-7
49.4166666666667,-15.5833333333333,5.530835E-4
45.0833333333333,-21.5833333333333,1.6835234E-7
46.9166666666667,-21.25,3.764775E-4
44.5833333333333,-18.25,8.966978E-6
49.75,-16.9166666666667,2.8888453E-4
43.75,-22.9166666666667,5.2573746E-8
44.5833333333333,-18.75,1.902233E-7
45.25,-20.0833333333333,3.8871284E-9
47.4166666666667,-19.5833333333333,3.3617776E-5
47.0833333333333,-21.5833333333333,2.0198963E-4
46.25,-24.75,6.006061E-7
45.0833333333333,-16.0833333333333,4.411542E-6
45.9166666666667,-18.9166666666667,6.334177E-8
47.5833333333333,-23.9166666666667,2.8752442E-5
46.4166666666667,-18.9166666666667,9.531251E-7
43.75,-23.9166666666667,6.807432E-5
40.4166666666667,-10.25,1.8281048E-7
46.75,-24.0833333333333,1.3662346E-4
44.9166666666667,-21.4166666666667,3.2959257E-8
48.0833333333333,-17.25,3.6968495E-6
40.25,-13.25,1.2824003E-6
40.0833333333333,-14.25,7.656661E-6
43.5833333333333,-22.0833333333333,6.675126E-9
44.75,-21.25,9.86033E-9
44.5833333333333,-17.25,5.10535E-6
44.25,-17.4166666666667,7.0238434E-6
44.4166666666667,-24.0833333333333,2.5583231E-5
45.0833333333333,-16.5833333333333,3.1540685E-6
44.9166666666667,-20.0833333333333,6.459709E-9
40.0833333333333,-15.25,1.2701026E-6
57.25,-20.4166666666667,4.872075E-8
49.5833333333333,-17.0833333333333,1.6117916E-5
49.4166666666667,-17.4166666666667,9.295179E-6
47.0833333333333,-19.0833333333333,3.460206E-5
49.4166666666667,-17.5833333333333,6.6289585E-6
47.75,-19.5833333333333,1.6206066E-4
49.4166666666667,-16.9166666666667,1.09881265E-4
45.4166666666667,-25.4166666666667,5.0173994E-6
40.25,-13.0833333333333,1.0461218E-6
43.4166666666667,-21.5833333333333,5.375131E-8
45.9166666666667,-18.75,8.92688E-8
46.25,-23.25,5.760773E-4
50.0833333333333,-15.9166666666667,5.612542E-7
46.5833333333333,-19.4166666666667,1.701944E-6
48.25,-15.0833333333333,8.632874E-5
46.0833333333333,-23.75,3.700189E-6
43.9166666666667,-22.5833333333333,6.49659E-8
40.5833333333333,-12.5833333333333,3.298161E-7
49.75,-15.0833333333333,4.245587E-4
45.9166666666667,-18.5833333333333,8.1861025E-8
48.0833333333333,-18.5833333333333,3.691769E-4
43.4166666666667,-22.0833333333333,2.5865479E-8
44.5833333333333,-22.5833333333333,6.6159733E-10
44.9166666666667,-25.25,5.909644E-5
47.4166666666667,-23.4166666666667,7.879016E-4
49.25,-18.25,5.795471E-6
44.9166666666667,-21.25,9.79699E-9
44.9166666666667,-18.5833333333333,5.326978E-7
45.25,-19.0833333333333,9.891745E-10
44.5833333333333,-18.5833333333333,4.3750114E-7
47.25,-17.25,2.8139007E-6
49.25,-16.25,3.8661246E-4
46.75,-17.75,5.208175E-7
45.4166666666667,-19.25,1.6553049E-9
45.75,-23.0833333333333,2.1182893E-6
46.0833333333333,-24.0833333333333,5.8961217E-5
47.9166666666667,-15.5833333333333,1.2581099E-6
47.5833333333333,-21.0833333333333,0.0016216183
48.75,-15.0833333333333,1.1459392E-5
45.0833333333333,-17.0833333333333,2.3371854E-6
43.4166666666667,-21.4166666666667,7.309305E-8
45.4166666666667,-17.75,4.216397E-8
47.0833333333333,-24.5833333333333,2.055567E-5
49.4166666666667,-16.4166666666667,0.0012345728
49.5833333333333,-17.75,1.1820591E-5
49.4166666666667,-13.5833333333333,2.3467843E-5
46.9166666666667,-20.4166666666667,2.287693E-4
48.5833333333333,-15.4166666666667,6.276357E-4
47.5833333333333,-23.5833333333333,3.9640167E-5
49.0833333333333,-15.5833333333333,2.2179922E-5
46.9166666666667,-20.9166666666667,4.2358827E-4
48.25,-16.9166666666667,3.0281285E-6
44.75,-22.4166666666667,7.771377E-9
44.9166666666667,-17.25,4.706555E-6
40.9166666666667,-14.5833333333333,5.570779E-7
44.9166666666667,-23.25,5.7441185E-10
43.75,-20.9166666666667,3.1139045E-8
46.9166666666667,-17.0833333333333,3.2882892E-7
44.75,-17.25,1.721899E-5
46.9166666666667,-19.5833333333333,2.2604747E-6
44.5833333333333,-20.75,1.1320816E-8
45.9166666666667,-25.4166666666667,1.6155273E-7
46.25,-19.25,6.1721505E-7
43.9166666666667,-24.4166666666667,1.4007262E-4
40.0833333333333,-11.25,3.282297E-6
40.25,-15.25,6.479097E-7
45.9166666666667,-21.9166666666667,1.1713071E-6
50.25,-15.9166666666667,1.5538604E-6
45.0833333333333,-25.0833333333333,8.680875E-5
45.75,-20.4166666666667,5.672436E-9
45.75,-18.0833333333333,2.2148987E-7
45.5833333333333,-20.75,2.7879035E-9
44.25,-23.25,7.0828484E-8
44.9166666666667,-16.25,3.1940795E-6
43.75,-21.4166666666667,2.5514428E-9
48.75,-13.9166666666667,5.2920244E-5
47.4166666666667,-15.5833333333333,1.8708309E-7
45.25,-23.5833333333333,1.7823866E-9
44.0833333333333,-18.0833333333333,1.0850885E-5
46.5833333333333,-22.9166666666667,8.09037E-5
47.25,-16.4166666666667,7.4586964E-8
48.9166666666667,-15.75,5.213349E-5
48.75,-14.25,2.0850525E-4
44.25,-17.9166666666667,3.183054E-6
46.75,-22.4166666666667,5.065541E-5
48.75,-19.25,0.004391919
45.25,-17.9166666666667,4.3976033E-8
40.25,-15.0833333333333,8.672723E-7
44.75,-19.4166666666667,4.9361333E-8
40.0833333333333,-13.4166666666667,2.2375032E-6
47.9166666666667,-20.75,0.0011196414
45.4166666666667,-18.25,2.2636964E-6
46.25,-20.9166666666667,1.0328419E-7
48.25,-17.9166666666667,1.9141592E-6
47.75,-19.4166666666667,1.1563451E-4
49.5833333333333,-16.0833333333333,5.3220126E-4
48.9166666666667,-13.25,5.758355E-6
47.0833333333333,-20.75,3.117131E-4
55.75,-21.25,6.6087524E-10
44.9166666666667,-16.4166666666667,3.3698752E-6
44.4166666666667,-19.4166666666667,1.5166627E-6
44.25,-20.9166666666667,2.1318328E-8
45.25,-24.9166666666667,8.0675054E-5
45.0833333333333,-22.0833333333333,1.9624396E-8
48.5833333333333,-18.0833333333333,7.914088E-4
40.4166666666667,-11.75,4.515289E-7
45.5833333333333,-23.25,4.067997E-8
48.9166666666667,-15.4166666666667,3.1284155E-5
48.5833333333333,-15.5833333333333,1.7099903E-5
49.0833333333333,-13.0833333333333,2.9204657E-5
57.5833333333333,-19.9166666666667,3.7459998E-8
45.0833333333333,-18.5833333333333,1.3382361E-8
40.0833333333333,-10.4166666666667,2.3044925E-6
48.25,-14.75,1.2163706E-4
57.5833333333333,-20.4166666666667,1.6929567E-7
49.75,-13.25,8.756435E-6
46.5833333333333,-16.25,5.86251E-7
44.5833333333333,-20.9166666666667,1.4845805E-8
49.0833333333333,-14.0833333333333,1.9438265E-5
48.4166666666667,-20.0833333333333,2.9919753E-4
49.0833333333333,-17.75,0.001538957
48.9166666666667,-16.4166666666667,1.7910248E-4
47.25,-20.5833333333333,4.2282022E-4
45.0833333333333,-19.4166666666667,4.6900624E-8
47.0833333333333,-22.4166666666667,4.347294E-5
46.25,-20.0833333333333,3.106214E-7
40.0833333333333,-10.9166666666667,5.329906E-6
48.9166666666667,-13.4166666666667,7.602281E-5
46.9166666666667,-24.75,1.6763754E-6
49.75,-14.5833333333333,4.960146E-4
45.9166666666667,-23.25,1.3669141E-5
46.4166666666667,-22.9166666666667,2.7392423E-4
47.25,-20.0833333333333,7.8451406E-4
48.4166666666667,-15.4166666666667,0.0013801515
46.5833333333333,-23.9166666666667,2.4312659E-4
45.5833333333333,-23.75,5.9714127E-9
45.75,-17.5833333333333,2.971099E-8
45.0833333333333,-18.0833333333333,5.806162E-8
46.4166666666667,-21.4166666666667,1.2949025E-6
48.9166666666667,-17.9166666666667,0.001002678
48.25,-16.4166666666667,3.6469687E-6
45.9166666666667,-16.9166666666667,1.0550236E-6
45.9166666666667,-24.9166666666667,5.410888E-6
48.75,-16.25,1.4665214E-4
48.9166666666667,-12.4166666666667,6.2787285E-6
48.4166666666667,-15.0833333333333,4.1214674E-4
45.75,-15.9166666666667,4.823391E-6
44.75,-24.25,3.5085945E-5
45.5833333333333,-22.9166666666667,1.1331306E-7
46.75,-22.25,1.0813037E-4
43.75,-23.5833333333333,3.075359E-5
44.4166666666667,-16.5833333333333,1.38037E-6
43.5833333333333,-11.9166666666667,5.9655363E-6
45.25,-24.4166666666667,3.3612447E-5
49.25,-15.25,1.06716136E-4
40.25,-15.5833333333333,1.1474623E-7
49.25,-16.0833333333333,1.0358924E-4
44.4166666666667,-17.0833333333333,4.0681184E-6
40.5833333333333,-14.5833333333333,1.4417118E-6
43.75,-12.25,1.2640045E-4
47.25,-19.9166666666667,2.3403589E-4
43.75,-21.9166666666667,3.7944474E-8
48.75,-16.0833333333333,6.6585635E-5
55.5833333333333,-20.9166666666667,1.0665795E-7
47.75,-13.5833333333333,2.292872E-7
44.25,-20.4166666666667,1.8073558E-7
49.5833333333333,-16.25,0.0010771325
46.9166666666667,-17.5833333333333,1.5883741E-6
47.9166666666667,-22.75,1.3367584E-6
43.5833333333333,-22.4166666666667,2.439028E-10
46.5833333333333,-17.4166666666667,1.2590797E-7
46.75,-18.9166666666667,1.1475524E-5
48.4166666666667,-17.9166666666667,1.3135071E-5
45.25,-16.0833333333333,4.0396985E-6
45.9166666666667,-21.75,1.2150903E-6
47.0833333333333,-21.75,1.5018681E-4
43.9166666666667,-22.25,1.412728E-8
49.5833333333333,-13.4166666666667,9.684896E-6
43.4166666666667,-21.9166666666667,4.368483E-8
45.4166666666667,-22.4166666666667,8.0913004E-8
45.0833333333333,-16.75,6.2576914E-6
47.0833333333333,-19.75,7.404012E-5
48.9166666666667,-12.75,2.2745494E-6
46.0833333333333,-18.75,1.9805645E-7
44.4166666666667,-12.0833333333333,2.1286449E-5
46.4166666666667,-17.5833333333333,2.727531E-7
45.0833333333333,-23.75,1.979186E-8
46.25,-21.4166666666667,8.417854E-7
46.25,-22.0833333333333,3.7628838E-6
40.5833333333333,-14.9166666666667,2.2768079E-7
45.0833333333333,-19.9166666666667,8.182203E-9
40.75,-14.5833333333333,9.739863E-7
49.5833333333333,-15.5833333333333,6.314287E-4
49.75,-15.5833333333333,3.0462688E-4
44.4166666666667,-17.75,7.480854E-6
47.4166666666667,-24.0833333333333,2.3603781E-4
46.25,-18.0833333333333,1.16023095E-7
46.9166666666667,-23.5833333333333,0.007170816
45.0833333333333,-17.9166666666667,7.431309E-8
47.4166666666667,-16.4166666666667,1.248579E-7
46.5833333333333,-16.4166666666667,5.6210143E-7
49.5833333333333,-13.9166666666667,9.365865E-5
45.75,-21.9166666666667,5.492738E-7
46.5833333333333,-21.25,4.015286E-6
49.9166666666667,-13.9166666666667,3.6667293E-6
45.9166666666667,-17.75,2.0197858E-7
45.75,-20.0833333333333,3.5463406E-9
44.25,-23.0833333333333,6.413802E-9
49.25,-12.0833333333333,3.7196671E-6
47.5833333333333,-15.75,2.1709894E-7
48.75,-19.9166666666667,2.7765462E-5
47.5833333333333,-14.75,2.3919359E-4
47.4166666666667,-18.0833333333333,1.7759163E-6
45.25,-19.75,4.223473E-9
49.4166666666667,-13.25,3.928633E-6
50.4166666666667,-15.25,5.6550068E-8
47.9166666666667,-21.5833333333333,5.2305736E-4
46.0833333333333,-19.75,9.725514E-8
48.9166666666667,-17.0833333333333,3.1033705E-4
48.9166666666667,-12.25,4.872545E-7
46.5833333333333,-19.25,1.9131821E-6
44.9166666666667,-24.0833333333333,3.852861E-6
48.9166666666667,-18.0833333333333,7.7843154E-4
44.0833333333333,-20.4166666666667,2.4204766E-7
43.25,-11.4166666666667,4.2774158E-5
49.0833333333333,-16.4166666666667,1.1053507E-4
45.75,-19.0833333333333,7.759001E-8
45.4166666666667,-19.9166666666667,5.319015E-10
49.25,-18.0833333333333,2.4713796E-5
44.75,-23.0833333333333,9.029535E-10
45.75,-22.0833333333333,8.1209134E-7
44.5833333333333,-21.75,1.1790731E-8
47.4166666666667,-21.5833333333333,9.3522E-5
49.5833333333333,-16.75,1.0553854E-5
48.9166666666667,-14.5833333333333,8.3380455E-6
46.5833333333333,-21.9166666666667,8.619317E-6
44.75,-22.25,1.7551521E-8
48.25,-21.4166666666667,4.873717E-6
45.75,-22.9166666666667,6.4832625E-7
48.9166666666667,-17.75,3.1516523E-4
43.9166666666667,-12.4166666666667,1.3607261E-5
45.75,-21.0833333333333,1.3654798E-8
46.75,-23.75,6.124383E-4
44.0833333333333,-20.5833333333333,3.6233064E-7
48.0833333333333,-21.0833333333333,4.6762446E-4
46.25,-17.25,1.5197006E-6
45.25,-20.4166666666667,5.653559E-10
45.25,-16.4166666666667,3.3901829E-6
47.5833333333333,-22.0833333333333,2.065613E-4
47.9166666666667,-21.25,7.387681E-4
45.0833333333333,-23.0833333333333,1.3160104E-8
49.0833333333333,-15.4166666666667,8.5282234E-5
45.4166666666667,-22.9166666666667,2.23698E-8
49.75,-16.4166666666667,2.3933726E-4
43.25,-22.75,1.721444E-7
46.0833333333333,-16.25,2.7737375E-5
45.0833333333333,-17.75,9.866245E-8
45.5833333333333,-19.9166666666667,1.0089144E-9
44.4166666666667,-21.75,2.5837045E-8
45.0833333333333,-23.9166666666667,1.9512999E-7
46.9166666666667,-22.4166666666667,3.426087E-4
45.0833333333333,-20.4166666666667,8.717008E-10
49.75,-14.0833333333333,8.0876714E-5
46.25,-19.0833333333333,4.909899E-7
46.25,-15.9166666666667,1.9294998E-6
55.75,-21.4166666666667,2.3444335E-10
44.75,-19.9166666666667,3.4214473E-8
45.75,-23.4166666666667,4.2627087E-7
44.9166666666667,-19.75,7.706748E-8
45.0833333333333,-22.75,6.0911765E-9
40.4166666666667,-13.5833333333333,9.208351E-7
46.0833333333333,-17.25,3.8057008E-6
44.4166666666667,-12.4166666666667,4.477247E-5
48.0833333333333,-20.25,0.0010905534
46.5833333333333,-17.0833333333333,7.20195E-8
45.9166666666667,-17.5833333333333,4.330812E-8
48.5833333333333,-18.9166666666667,0.36866334
50.25,-14.75,1.13850135E-7
44.9166666666667,-22.25,1.877899E-8
46.4166666666667,-20.9166666666667,4.6316967E-7
45.4166666666667,-20.75,5.773499E-9
46.25,-15.75,3.880584E-7
48.75,-19.4166666666667,0.0049863835
45.0833333333333,-25.4166666666667,1.5893758E-5
48.25,-14.0833333333333,1.11752925E-4
49.25,-16.9166666666667,0.0013761995
43.9166666666667,-23.25,1.0990241E-6
44.75,-23.25,2.5990172E-9
46.5833333333333,-21.4166666666667,3.944442E-6
46.25,-23.9166666666667,1.5337503E-4
46.75,-19.4166666666667,1.699269E-5
46.25,-24.5833333333333,1.0141646E-6
44.4166666666667,-18.25,1.7306425E-6
46.4166666666667,-20.25,2.561308E-6
45.4166666666667,-23.5833333333333,5.171107E-9
46.25,-18.25,2.0641193E-7
46.75,-16.5833333333333,7.6100264E-8
48.25,-21.5833333333333,8.108635E-6
45.5833333333333,-18.5833333333333,2.581595E-7
47.0833333333333,-19.9166666666667,0.0011483915
44.0833333333333,-21.9166666666667,4.914127E-9
46.9166666666667,-19.0833333333333,2.627018E-5
44.5833333333333,-17.0833333333333,3.6149456E-6
48.9166666666667,-16.25,5.4635137E-5
48.0833333333333,-19.4166666666667,0.010610409
47.25,-16.25,4.1588714E-7
55.75,-21.0833333333333,4.1261767E-9
43.25,-22.4166666666667,6.132124E-8
45.0833333333333,-17.4166666666667,2.889802E-6
44.25,-22.9166666666667,5.0838445E-9
47.9166666666667,-16.4166666666667,3.870234E-6
46.9166666666667,-17.9166666666667,7.3160777E-7
49.9166666666667,-12.9166666666667,8.0920825E-7
48.75,-18.5833333333333,0.011528423
40.25,-11.0833333333333,2.0182244E-6
45.75,-16.25,8.788933E-6
48.0833333333333,-15.9166666666667,1.6370509E-6
45.9166666666667,-20.4166666666667,8.0237044E-8
44.9166666666667,-23.9166666666667,5.4610456E-7
44.0833333333333,-24.0833333333333,1.6105236E-5
46.4166666666667,-21.0833333333333,4.55218E-7
48.4166666666667,-13.5833333333333,5.0338798E-8
46.9166666666667,-24.0833333333333,1.8894103E-4
45.75,-17.75,2.387603E-7
48.5833333333333,-20.5833333333333,2.5985113E-5
49.4166666666667,-18.0833333333333,3.1419536E-6
46.25,-17.75,2.699228E-7
47.75,-20.75,0.001184645
46.0833333333333,-17.75,1.986561E-7
47.4166666666667,-21.75,1.9978931E-4
44.5833333333333,-18.4166666666667,2.3319662E-6
49.0833333333333,-16.0833333333333,3.5819194E-5
44.25,-24.9166666666667,1.0690017E-4
48.25,-20.5833333333333,3.659486E-4
44.5833333333333,-19.0833333333333,1.3003475E-7
44.4166666666667,-23.9166666666667,2.6405944E-5
49.75,-13.9166666666667,1.1492915E-4
43.4166666666667,-11.9166666666667,8.103114E-5
45.25,-23.25,9.454056E-10
48.0833333333333,-13.75,1.1878427E-6
40.4166666666667,-15.4166666666667,1.7454661E-7
46.25,-18.75,4.2639223E-7
47.9166666666667,-21.4166666666667,6.278415E-4
46.75,-23.25,4.3306852E-4
43.9166666666667,-23.75,5.0615057E-5
40.75,-14.25,1.635356E-6
46.5833333333333,-18.4166666666667,5.488134E-7
50.4166666666667,-15.5833333333333,2.016042E-7
45.4166666666667,-25.25,2.9652088E-4
48.9166666666667,-19.4166666666667,2.7510306E-4
45.5833333333333,-16.5833333333333,2.8382005E-6
44.0833333333333,-23.5833333333333,2.3182558E-5
49.5833333333333,-14.9166666666667,0.0033734676
47.75,-17.75,1.1144154E-5
47.9166666666667,-17.25,3.3996375E-6
46.4166666666667,-25.0833333333333,6.029333E-8
40.9166666666667,-14.75,3.1803242E-7
47.4166666666667,-17.0833333333333,6.03564E-7
48.25,-18.0833333333333,4.486359E-5
45.5833333333333,-22.5833333333333,1.7887221E-7
47.75,-16.25,4.91953E-7
45.4166666666667,-18.5833333333333,9.445979E-7
47.25,-22.25,4.1097155E-5
45.9166666666667,-21.4166666666667,1.9252977E-7
45.4166666666667,-20.4166666666667,5.787497E-10
46.5833333333333,-15.4166666666667,5.0556023E-6
45.75,-16.0833333333333,7.2382727E-6
45.4166666666667,-18.4166666666667,1.5538327E-6
48.4166666666667,-18.5833333333333,0.07699054
44.5833333333333,-20.0833333333333,1.04934344E-7
44.25,-20.75,1.7924195E-7
48.75,-17.75,2.64291E-4
49.5833333333333,-12.5833333333333,9.467097E-7
47.9166666666667,-16.75,5.835276E-6
47.0833333333333,-21.0833333333333,3.7095087E-4
43.9166666666667,-23.4166666666667,9.499665E-6
44.75,-19.25,3.261944E-8
44.4166666666667,-20.75,1.6328494E-8
45.25,-22.9166666666667,1.9538051E-8
46.75,-23.0833333333333,1.8267291E-4
49.25,-17.9166666666667,1.8380141E-4
49.25,-12.5833333333333,2.9351928E-5
48.25,-19.5833333333333,0.003007619
48.9166666666667,-18.25,0.0019933116
46.0833333333333,-23.4166666666667,4.778815E-5
49.5833333333333,-12.9166666666667,3.2463984E-6
44.0833333333333,-22.25,6.4874484E-8
46.0833333333333,-18.0833333333333,1.3952722E-7
44.75,-21.0833333333333,3.6014178E-9
45.75,-16.5833333333333,2.2356988E-5
44.9166666666667,-19.4166666666667,1.38753276E-8
45.75,-21.75,7.492019E-7
49.25,-12.4166666666667,3.822281E-5
46.5833333333333,-19.0833333333333,2.0513025E-6
49.4166666666667,-15.25,7.877978E-4
40.5833333333333,-12.25,3.598494E-7
49.9166666666667,-14.5833333333333,2.6651227E-5
46.0833333333333,-22.25,8.364419E-7
40.0833333333333,-12.9166666666667,2.4578972E-6
54.5833333333333,-15.9166666666667,2.644851E-11
48.5833333333333,-15.0833333333333,4.65259E-4
47.0833333333333,-16.25,8.516725E-6
40.0833333333333,-11.75,1.2994597E-6
48.25,-18.9166666666667,0.024699673
44.4166666666667,-22.25,3.6890233E-9
48.9166666666667,-19.25,4.990203E-5
47.0833333333333,-17.9166666666667,2.4219828E-6
47.0833333333333,-24.9166666666667,5.6398044E-8
45.4166666666667,-23.4166666666667,4.739378E-9
40.0833333333333,-14.0833333333333,1.0051853E-5
47.5833333333333,-20.5833333333333,0.003958084
45.9166666666667,-21.25,2.60855E-7
44.0833333333333,-18.4166666666667,1.175892E-5
48.9166666666667,-12.5833333333333,6.907102E-6
47.4166666666667,-18.25,6.236028E-6
47.25,-22.9166666666667,2.1354062E-4
45.4166666666667,-15.9166666666667,2.5997763E-6
46.0833333333333,-16.4166666666667,1.220099E-5
44.5833333333333,-22.25,1.6424779E-9
47.75,-17.25,1.2591145E-6
49.75,-13.4166666666667,1.2769588E-5
48.5833333333333,-19.0833333333333,0.042130418
46.75,-18.75,1.7974746E-5
45.75,-17.25,1.2805889E-7
44.9166666666667,-20.4166666666667,1.8760241E-8
44.75,-20.9166666666667,1.4603467E-9
40.4166666666667,-14.5833333333333,3.876617E-6
45.25,-12.75,3.109922E-6
49.4166666666667,-17.75,3.705822E-6
46.9166666666667,-18.75,4.8822298E-5
48.4166666666667,-20.9166666666667,7.7479166E-7
48.75,-16.5833333333333,7.5879815E-4
48.0833333333333,-20.75,9.519278E-4
46.4166666666667,-17.4166666666667,1.1791821E-7
45.0833333333333,-24.5833333333333,2.6777663E-5
48.5833333333333,-16.25,2.1434615E-5
46.9166666666667,-15.5833333333333,4.056417E-6
47.25,-21.0833333333333,3.0613085E-4
43.9166666666667,-22.9166666666667,6.1790196E-8
47.0833333333333,-17.4166666666667,3.1873449E-6
47.75,-10.0833333333333,4.8091753E-9
44.25,-17.75,7.989785E-6
47.0833333333333,-17.0833333333333,1.7203319E-6
45.9166666666667,-25.0833333333333,1.1279506E-5
48.9166666666667,-13.0833333333333,2.8567265E-5
46.75,-19.75,5.6853874E-5
45.25,-24.5833333333333,1.0585448E-5
49.5833333333333,-13.5833333333333,1.564214E-5
44.5833333333333,-21.5833333333333,3.3215656E-8
49.4166666666667,-15.4166666666667,9.600404E-4
47.25,-23.9166666666667,3.390026E-5
46.9166666666667,-21.75,7.9267187E-4
47.9166666666667,-18.5833333333333,5.682603E-4
48.5833333333333,-12.75,2.3009359E-6
44.25,-21.0833333333333,3.3858156E-9
40.5833333333333,-12.75,2.9207365E-7
46.5833333333333,-17.9166666666667,3.1838692E-7
40.25,-14.5833333333333,8.478856E-6
44.9166666666667,-20.25,9.199932E-9
46.75,-15.9166666666667,8.32354E-7
45.5833333333333,-24.5833333333333,7.8541194E-7
45.9166666666667,-21.0833333333333,1.3941597E-7
47.75,-22.0833333333333,2.7373718E-4
40.75,-14.75,6.090833E-7
45.5833333333333,-20.4166666666667,1.1642631E-10
44.4166666666667,-17.4166666666667,6.3750613E-6
47.4166666666667,-18.75,3.721465E-4
49.0833333333333,-14.75,1.58531E-4
46.5833333333333,-20.9166666666667,4.157755E-5
47.9166666666667,-13.9166666666667,1.4933393E-6
44.9166666666667,-19.0833333333333,3.3891155E-7
45.75,-20.9166666666667,6.78108E-9
47.25,-24.5833333333333,4.1692715E-6
44.75,-25.4166666666667,1.376566E-5
46.4166666666667,-19.75,7.2578854E-7
44.4166666666667,-16.4166666666667,1.9937124E-6
44.9166666666667,-23.5833333333333,1.9579363E-9
40.4166666666667,-15.5833333333333,6.396167E-8
46.75,-23.5833333333333,7.383238E-4
46.25,-19.4166666666667,4.6941565E-7
45.25,-17.0833333333333,1.5926045E-6
45.4166666666667,-24.0833333333333,1.8596243E-7
40.25,-10.4166666666667,7.205225E-7
40.25,-13.9166666666667,6.13379E-6
44.9166666666667,-22.0833333333333,2.2414982E-8
44.5833333333333,-22.0833333333333,5.601967E-9
43.5833333333333,-22.25,8.441037E-10
48.25,-19.4166666666667,0.0074177263
46.9166666666667,-16.5833333333333,3.1665714E-8
44.4166666666667,-20.5833333333333,1.702835E-8
48.4166666666667,-14.25,2.9663313E-5
47.0833333333333,-18.0833333333333,8.26523E-6
48.4166666666667,-17.4166666666667,1.4528837E-6
50.0833333333333,-15.25,4.5012774E-5
47.75,-13.9166666666667,4.805151E-6
46.5833333333333,-23.0833333333333,2.1296211E-4
43.9166666666667,-23.0833333333333,3.8758776E-7
44.25,-18.0833333333333,1.509371E-6
44.5833333333333,-21.25,1.6681872E-8
47.4166666666667,-24.25,5.0533436E-5
46.5833333333333,-18.75,2.6591981E-6
49.75,-13.0833333333333,6.13684E-6
45.9166666666667,-20.5833333333333,1.4485161E-7
46.4166666666667,-21.5833333333333,4.424196E-6
48.5833333333333,-15.25,0.001217147
44.5833333333333,-12.4166666666667,1.246568E-5
45.5833333333333,-25.4166666666667,7.47262E-7
57.5833333333333,-20.5833333333333,1.4384527E-7
44.0833333333333,-24.75,1.4319213E-4
40.0833333333333,-15.9166666666667,4.0567283E-8
46.0833333333333,-24.25,5.7596258E-6
46.75,-20.75,9.3575996E-5
44.25,-12.25,2.0631041E-5
47.5833333333333,-21.25,0.0011320827
44.75,-16.75,3.252735E-6
45.4166666666667,-18.75,2.292589E-7
49.25,-13.5833333333333,2.6846492E-5
45.25,-21.25,8.691104E-8
48.5833333333333,-14.75,9.3678995E-5
46.25,-17.4166666666667,6.1910134E-7
47.75,-17.0833333333333,1.7804084E-6
43.4166666666667,-22.75,1.5627046E-7
46.75,-18.0833333333333,2.8500324E-7
44.9166666666667,-23.75,8.451913E-8
44.4166666666667,-22.4166666666667,4.9052176E-9
45.0833333333333,-20.0833333333333,2.2899233E-8
50.0833333333333,-15.75,1.4001087E-6
44.4166666666667,-21.5833333333333,1.6227863E-8
46.25,-16.4166666666667,1.015014E-5
46.25,-22.25,2.2775487E-6
45.5833333333333,-22.4166666666667,3.268819E-7
44.0833333333333,-20.75,2.943381E-7
46.9166666666667,-20.25,2.416701E-4
44.4166666666667,-18.9166666666667,1.1722755E-6
40.5833333333333,-10.5833333333333,2.731989E-7
48.5833333333333,-18.5833333333333,0.06353472
44.75,-21.75,1.8271134E-8
47.0833333333333,-18.25,1.3011699E-5
47.25,-20.75,2.288674E-4
45.4166666666667,-17.0833333333333,1.3539665E-6
44.25,-17.25,4.698371E-6
48.5833333333333,-15.9166666666667,3.8921607E-5
44.25,-24.5833333333333,9.4558556E-5
49.4166666666667,-13.9166666666667,1.1485933E-5
47.4166666666667,-23.25,5.144803E-4
47.4166666666667,-21.4166666666667,2.1235544E-4
45.9166666666667,-16.4166666666667,1.9726966E-5
49.4166666666667,-12.75,5.802613E-6
40.5833333333333,-13.25,6.3981E-7
45.5833333333333,-18.75,1.9259238E-7
45.75,-21.4166666666667,2.853997E-7
45.4166666666667,-19.0833333333333,1.5256466E-8
44.0833333333333,-22.5833333333333,1.6972434E-7
45.4166666666667,-21.0833333333333,2.0436111E-7
45.0833333333333,-20.25,1.342389E-8
46.25,-24.4166666666667,3.1885797E-6
44.25,-21.5833333333333,8.618341E-9
46.4166666666667,-19.4166666666667,7.3013086E-7
43.75,-21.0833333333333,1.9276105E-7
46.5833333333333,-24.75,6.845127E-7
44.9166666666667,-19.5833333333333,2.6377863E-8
46.9166666666667,-16.4166666666667,2.1708873E-7
46.4166666666667,-22.25,1.9748588E-5
46.4166666666667,-15.75,4.511886E-7
45.4166666666667,-21.9166666666667,1.3126475E-8
48.75,-17.0833333333333,6.159803E-5
49.0833333333333,-13.75,3.670526E-5
48.0833333333333,-15.0833333333333,8.2485145E-5
44.4166666666667,-23.75,1.7727469E-5
46.75,-21.9166666666667,1.4303849E-4
47.5833333333333,-22.25,8.5549174E-5
45.75,-17.9166666666667,4.4705783E-7
40.25,-14.9166666666667,1.2279453E-6
45.0833333333333,-19.5833333333333,5.0518496E-9
44.75,-21.9166666666667,1.6559161E-8
48.5833333333333,-16.4166666666667,8.6420085E-5
47.75,-15.25,1.6245336E-6
46.0833333333333,-22.9166666666667,6.256535E-5
45.0833333333333,-21.25,4.457177E-8
43.5833333333333,-21.5833333333333,1.2189998E-8
44.5833333333333,-21.9166666666667,8.351953E-9
46.25,-16.9166666666667,3.2599436E-7
44.25,-16.9166666666667,2.0185144E-6
50.0833333333333,-14.5833333333333,1.1644656E-7
45.0833333333333,-20.5833333333333,7.7682827E-10
46.25,-17.5833333333333,1.5575908E-7
48.25,-17.75,5.8641206E-7
47.5833333333333,-17.5833333333333,1.1890069E-6
49.4166666666667,-13.75,9.530435E-6
45.9166666666667,-23.0833333333333,1.1188997E-5
49.25,-14.25,2.636759E-5
47.75,-19.9166666666667,4.1576478E-4
47.25,-24.0833333333333,1.04781175E-4
44.25,-25.0833333333333,3.3669836E-5
45.9166666666667,-23.4166666666667,7.40532E-6
40.0833333333333,-12.75,2.689912E-6
46.0833333333333,-20.4166666666667,2.447167E-7
47.75,-17.4166666666667,1.4024756E-6
46.25,-16.5833333333333,1.39155245E-5
48.9166666666667,-19.75,9.0954534E-5
47.4166666666667,-22.5833333333333,1.2931382E-4
46.5833333333333,-16.0833333333333,3.2996877E-6
47.25,-16.75,6.633389E-7
47.5833333333333,-20.4166666666667,7.098747E-4
50.0833333333333,-14.0833333333333,1.8015533E-7
45.5833333333333,-21.75,3.718396E-7
47.4166666666667,-16.25,5.5679042E-8
43.25,-21.75,3.065084E-8
48.25,-15.5833333333333,1.65811E-4
47.5833333333333,-16.0833333333333,2.754029E-7
45.5833333333333,-19.4166666666667,6.865058E-9
48.25,-18.25,4.3499182E-4
47.5833333333333,-23.0833333333333,8.6580505E-5
47.9166666666667,-18.4166666666667,5.3465343E-4
46.25,-24.9166666666667,4.361229E-7
45.9166666666667,-21.5833333333333,3.57903E-7
48.5833333333333,-14.4166666666667,2.6378036E-4
44.4166666666667,-23.0833333333333,3.4147174E-9
47.5833333333333,-17.4166666666667,7.037802E-7
44.9166666666667,-24.25,3.180915E-5
44.4166666666667,-25.0833333333333,6.662402E-5
49.5833333333333,-12.75,1.488315E-6
44.75,-20.25,2.72691E-8
46.75,-21.0833333333333,1.5308594E-4
47.0833333333333,-24.25,2.7928193E-4
47.9166666666667,-17.75,6.1965315E-5
46.0833333333333,-25.0833333333333,2.025587E-6
45.75,-20.5833333333333,1.9924347E-9
48.5833333333333,-13.75,3.833597E-4
46.75,-21.5833333333333,1.261485E-4
48.25,-16.25,1.4857184E-5
48.75,-16.75,6.7990326E-4
46.75,-20.9166666666667,2.8354587E-4
49.0833333333333,-17.25,0.0022340722
46.4166666666667,-22.4166666666667,7.2948583E-6
47.0833333333333,-23.9166666666667,0.0025874241
47.4166666666667,-19.75,1.2766573E-4
51.25,-10.0833333333333,2.0411754E-8
45.0833333333333,-25.5833333333333,9.503417E-7
43.5833333333333,-23.4166666666667,4.8232687E-6
44.75,-17.4166666666667,7.932499E-6
45.9166666666667,-22.9166666666667,6.2283657E-6
47.9166666666667,-18.9166666666667,3.842321E-4
57.4166666666667,-20.25,1.743712E-6
44.4166666666667,-24.5833333333333,1.3892136E-4
48.0833333333333,-14.4166666666667,3.0448791E-5
48.4166666666667,-19.0833333333333,0.0753982
45.0833333333333,-12.5833333333333,1.4786733E-6
48.75,-14.5833333333333,1.2478995E-5
49.4166666666667,-14.75,3.2888455E-4
40.25,-15.4166666666667,3.1238346E-7
45.25,-19.5833333333333,3.8001184E-9
46.75,-16.4166666666667,2.9987123E-7
47.5833333333333,-19.9166666666667,5.3497363E-4
49.5833333333333,-14.75,0.0010745139
47.4166666666667,-20.75,3.5024137E-4
48.0833333333333,-21.75,5.0636434E-5
44.75,-23.9166666666667,1.541679E-6
49.0833333333333,-18.4166666666667,2.5955998E-4
47.5833333333333,-15.0833333333333,7.947563E-6
40.25,-11.25,1.0830755E-6
40.5833333333333,-15.5833333333333,1.043664E-7
46.9166666666667,-16.0833333333333,2.4424702E-7
48.25,-14.9166666666667,1.2970692E-4
49.25,-14.4166666666667,2.0865391E-5
48.4166666666667,-16.75,7.563091E-6
45.5833333333333,-15.75,3.7520979E-6
46.0833333333333,-21.75,9.3719524E-7
49.4166666666667,-17.9166666666667,4.3325276E-6
46.9166666666667,-19.4166666666667,4.0144173E-6
44.9166666666667,-24.4166666666667,2.83723E-5
49.9166666666667,-15.25,1.14817376E-4
44.25,-23.75,3.0570034E-5
40.4166666666667,-14.25,3.8281887E-6
49.9166666666667,-12.75,5.3469375E-7
45.5833333333333,-19.25,1.4810863E-7
44.25,-21.75,3.7983842E-8
55.4166666666667,-21.4166666666667,2.97654E-10
45.9166666666667,-19.9166666666667,3.7477275E-8
47.9166666666667,-16.9166666666667,7.248171E-6
49.4166666666667,-16.5833333333333,9.23105E-4
45.4166666666667,-23.75,6.327598E-9
48.9166666666667,-18.5833333333333,0.07423299
45.25,-15.9166666666667,3.7550515E-6
40.4166666666667,-13.4166666666667,6.868732E-7
44.9166666666667,-19.25,9.795396E-8
48.75,-19.0833333333333,0.0017965854
47.0833333333333,-23.75,0.008693102
47.25,-19.5833333333333,1.7887016E-5
48.0833333333333,-19.25,0.015348338
50.0833333333333,-15.0833333333333,4.5498596E-6
44.5833333333333,-18.0833333333333,3.1164534E-5
46.5833333333333,-22.25,9.619949E-5
46.5833333333333,-17.75,2.96107E-7
45.25,-23.0833333333333,2.997099E-9
45.4166666666667,-18.0833333333333,3.9539412E-7
40.25,-10.25,2.4761584E-7
47.25,-20.4166666666667,0.0010952321
47.0833333333333,-15.0833333333333,2.908734E-5
46.75,-25.0833333333333,3.5552938E-9
49.0833333333333,-14.25,4.2892065E-5
47.4166666666667,-22.0833333333333,1.2491524E-4
46.75,-17.5833333333333,8.419201E-7
49.9166666666667,-13.4166666666667,8.7452116E-7
49.25,-18.75,0.0033376883
47.25,-14.9166666666667,2.0147336E-5
49.75,-15.4166666666667,0.0016986879
46.9166666666667,-24.4166666666667,1.9096638E-5
45.4166666666667,-22.75,4.9425058E-8
46.5833333333333,-19.9166666666667,5.0271272E-5
46.0833333333333,-23.25,1.562467E-4
46.0833333333333,-24.9166666666667,1.4893635E-6
40.4166666666667,-14.0833333333333,3.712261E-6
45.4166666666667,-21.5833333333333,1.836607E-8
49.0833333333333,-16.9166666666667,0.0011320746
45.25,-18.25,1.394427E-7
48.4166666666667,-19.25,0.024977045
40.4166666666667,-10.9166666666667,8.299933E-7
44.4166666666667,-17.9166666666667,7.0728206E-6
47.25,-19.75,1.8791773E-4
48.0833333333333,-20.5833333333333,8.563785E-4
43.5833333333333,-22.75,3.78882E-9
45.4166666666667,-21.75,1.1718221E-8
44.5833333333333,-19.9166666666667,1.1942782E-7
47.25,-15.5833333333333,3.9917842E-7
45.9166666666667,-16.25,2.2071274E-5
40.25,-10.75,2.3907096E-6
46.9166666666667,-16.9166666666667,2.577944E-7
47.4166666666667,-15.4166666666667,2.0380931E-7
55.75,-20.9166666666667,1.8410217E-8
44.25,-25.25,7.38841E-6
44.4166666666667,-16.75,1.729749E-6
44.9166666666667,-17.9166666666667,1.7056523E-7
46.5833333333333,-18.25,3.189287E-7
48.9166666666667,-15.0833333333333,5.833737E-6
47.9166666666667,-14.5833333333333,2.800851E-4
48.4166666666667,-21.25,2.7232755E-7
47.75,-18.4166666666667,6.3889025E-4
43.4166666666667,-21.75,6.734812E-8
48.4166666666667,-15.5833333333333,9.9108154E-5
57.4166666666667,-20.5833333333333,8.44325E-8
45.4166666666667,-25.5833333333333,4.991593E-8
44.4166666666667,-18.5833333333333,2.2235108E-7
47.0833333333333,-20.25,6.7749986E-4
49.25,-14.0833333333333,3.3187192E-5
45.9166666666667,-19.75,5.9492855E-8
44.5833333333333,-21.4166666666667,1.7833901E-8
50.25,-14.4166666666667,3.440169E-7
47.5833333333333,-14.4166666666667,2.5138344E-5
44.4166666666667,-22.9166666666667,7.1613604E-10
40.5833333333333,-11.4166666666667,6.402061E-8
46.9166666666667,-15.4166666666667,5.50215E-5
40.5833333333333,-13.9166666666667,1.3966826E-6
48.0833333333333,-14.5833333333333,8.432832E-5
44.5833333333333,-24.5833333333333,1.09728404E-4
49.0833333333333,-12.4166666666667,2.5358266E-5
44.75,-20.4166666666667,1.8679328E-8
48.75,-12.4166666666667,3.3326226E-6
44.4166666666667,-21.4166666666667,1.0991643E-8
44.4166666666667,-19.75,3.6981128E-6
57.75,-19.75,3.0147862E-10
46.5833333333333,-16.5833333333333,3.557791E-7
45.0833333333333,-19.0833333333333,4.585623E-8
57.75,-20.0833333333333,2.5678335E-7
47.4166666666667,-22.4166666666667,1.2902396E-4
48.25,-20.0833333333333,5.945171E-4
49.5833333333333,-14.4166666666667,5.190506E-4
47.75,-23.25,4.838907E-6
46.75,-15.25,1.0264878E-4
40.25,-10.9166666666667,2.85087E-6
47.4166666666667,-20.9166666666667,9.3443E-4
44.4166666666667,-20.0833333333333,5.280063E-7
45.5833333333333,-20.5833333333333,3.647267E-10
48.0833333333333,-16.5833333333333,2.0697955E-6
45.5833333333333,-23.0833333333333,1.8576671E-7
49.25,-16.5833333333333,0.0013258245
47.25,-22.75,1.245667E-4
44.4166666666667,-20.25,1.3647606E-7
40.5833333333333,-11.25,1.0427611E-7
45.9166666666667,-19.4166666666667,2.3946004E-7
49.25,-13.75,1.7076682E-5
48.25,-19.75,0.0013576988
45.75,-21.5833333333333,3.750984E-7
48.25,-20.25,6.0985377E-4
43.75,-22.25,6.0901706E-10
43.75,-24.4166666666667,2.9328396E-5
45.9166666666667,-17.25,9.137291E-7
45.25,-23.9166666666667,8.702079E-8
44.0833333333333,-17.9166666666667,1.0479068E-5
45.5833333333333,-17.0833333333333,4.6048245E-7
46.25,-20.4166666666667,2.3198452E-6
43.25,-22.0833333333333,3.1042546E-8
46.0833333333333,-22.0833333333333,1.1175758E-6
45.4166666666667,-16.9166666666667,3.6770448E-6
48.0833333333333,-17.5833333333333,7.767458E-6
47.0833333333333,-18.4166666666667,2.8453174E-5
46.5833333333333,-20.4166666666667,1.2586893E-4
45.5833333333333,-18.0833333333333,3.1343887E-7
44.0833333333333,-22.0833333333333,3.0004447E-8
44.9166666666667,-16.75,2.4186463E-6
46.4166666666667,-20.75,8.195116E-5
57.4166666666667,-20.0833333333333,5.4426107E-7
47.9166666666667,-19.75,0.0023008876
48.25,-18.4166666666667,7.4359565E-4
47.25,-18.9166666666667,2.1291446E-4
48.5833333333333,-19.25,0.05890335
48.9166666666667,-19.0833333333333,5.476768E-6
49.75,-12.9166666666667,2.9787825E-6
44.4166666666667,-19.25,6.4525676E-7
46.4166666666667,-20.5833333333333,4.7211717E-5
44.9166666666667,-19.9166666666667,1.01286695E-8
45.5833333333333,-24.25,5.7851903E-8
44.5833333333333,-23.5833333333333,2.7996273E-6
50.4166666666667,-15.75,1.1156217E-6
47.5833333333333,-19.5833333333333,7.0602844E-5
45.5833333333333,-23.4166666666667,3.3098615E-8
47.5833333333333,-17.9166666666667,1.11551635E-5
48.4166666666667,-16.5833333333333,6.7723727E-6
44.5833333333333,-19.25,2.1228708E-7
48.75,-13.0833333333333,6.2857425E-6
47.75,-15.4166666666667,3.420706E-7
47.25,-22.0833333333333,6.2552856E-5
48.4166666666667,-16.9166666666667,8.117423E-6
49.75,-13.5833333333333,1.2916767E-5
48.4166666666667,-18.25,0.0035137925
47.4166666666667,-22.25,9.201808E-5
47.75,-16.0833333333333,1.2877892E-6
47.5833333333333,-16.5833333333333,6.6181735E-7
47.9166666666667,-15.4166666666667,1.7911989E-6
49.9166666666667,-14.75,2.8340733E-5
44.75,-21.5833333333333,5.2501118E-8
48.5833333333333,-13.0833333333333,1.2998316E-7
40.4166666666667,-12.4166666666667,1.2845608E-6
46.25,-25.25,8.53517E-8
46.5833333333333,-23.75,3.8799035E-4
45.4166666666667,-22.25,7.416386E-8
48.9166666666667,-14.0833333333333,4.9500006E-5
47.5833333333333,-16.75,7.344672E-7
48.75,-17.4166666666667,2.6638818E-5
45.75,-18.75,1.2866627E-7
51.0833333333333,-10.0833333333333,2.2242496E-8
44.75,-25.25,4.6371E-5
44.25,-20.25,2.4520452E-7
46.5833333333333,-17.5833333333333,5.168122E-7
48.0833333333333,-19.75,0.0019302442
48.0833333333333,-16.9166666666667,1.1267741E-5
48.25,-21.75,1.215977E-5
48.4166666666667,-16.0833333333333,1.0690298E-5
48.5833333333333,-13.9166666666667,1.2199635E-4
46.25,-19.75,2.0455848E-7
45.75,-24.25,6.2476793E-9
44.0833333333333,-17.25,4.3607547E-6
48.9166666666667,-17.4166666666667,3.2048923E-4
46.0833333333333,-20.5833333333333,1.1755025E-7
48.0833333333333,-18.25,5.701439E-4
48.9166666666667,-16.9166666666667,3.0423203E-4
44.5833333333333,-23.0833333333333,1.432785E-9
48.4166666666667,-17.5833333333333,1.6502901E-5
43.9166666666667,-21.4166666666667,2.0532928E-8
44.9166666666667,-17.0833333333333,4.0284763E-6
49.25,-17.0833333333333,0.0017557011
44.75,-24.75,8.1283615E-5
46.75,-19.0833333333333,1.4106449E-5
45.0833333333333,-17.25,2.0858035E-6
46.25,-17.9166666666667,1.212916E-7
49.75,-15.9166666666667,1.0886965E-4
40.5833333333333,-13.5833333333333,4.8817606E-7
40.5833333333333,-15.0833333333333,8.8969514E-8
49.25,-15.75,7.8766796E-5
44.9166666666667,-16.5833333333333,4.375751E-6
45.0833333333333,-23.4166666666667,1.2455936E-10
45.25,-16.75,5.9360655E-6
48.75,-14.9166666666667,3.226773E-5
44.25,-12.0833333333333,8.3386453E-7
43.25,-11.9166666666667,1.2395687E-5
44.0833333333333,-21.0833333333333,1.5612228E-8
49.75,-15.75,8.055377E-5
49.9166666666667,-16.9166666666667,1.033052E-4
43.9166666666667,-22.75,8.393442E-8
46.25,-23.0833333333333,3.64294E-4
48.4166666666667,-20.4166666666667,1.5946022E-4
40.4166666666667,-14.75,1.9321744E-6
47.4166666666667,-15.0833333333333,4.1507874E-6
49.4166666666667,-18.25,6.1984806E-6
46.5833333333333,-22.5833333333333,2.0073872E-5
45.5833333333333,-17.75,2.5554982E-8
47.0833333333333,-23.25,0.00144516
43.9166666666667,-24.9166666666667,1.6426518E-5
45.4166666666667,-20.25,4.08514E-10
40.0833333333333,-12.25,1.36569115E-5
48.5833333333333,-16.75,3.3491247E-5
46.25,-18.4166666666667,2.1773064E-7
44.9166666666667,-23.4166666666667,5.637153E-10
45.5833333333333,-18.25,7.566775E-7
44.25,-22.0833333333333,1.1529634E-8
47.9166666666667,-14.0833333333333,3.3504061E-6
48.0833333333333,-15.4166666666667,1.5323181E-5
45.25,-22.4166666666667,4.772273E-8
46.75,-18.5833333333333,1.140366E-5
49.5833333333333,-16.9166666666667,2.5320278E-5
48.5833333333333,-20.75,1.1628306E-5
46.4166666666667,-19.25,5.6969503E-7
44.75,-17.5833333333333,1.4935757E-5
49.25,-17.4166666666667,3.5136405E-4
49.25,-15.4166666666667,3.2879604E-4
44.75,-18.75,1.1858261E-6
40.4166666666667,-10.4166666666667,2.1901187E-7
45.0833333333333,-19.25,1.0216237E-7
47.75,-18.9166666666667,1.4727065E-4
49.4166666666667,-12.4166666666667,5.7241928E-6
49.0833333333333,-17.9166666666667,0.0010746528
49.0833333333333,-18.0833333333333,8.515588E-4
43.5833333333333,-21.75,1.4040412E-8
40.0833333333333,-15.4166666666667,4.3734684E-7
47.9166666666667,-17.9166666666667,4.3676668E-5
44.75,-19.0833333333333,1.6331694E-7
46.4166666666667,-21.9166666666667,1.3952539E-6
44.0833333333333,-23.9166666666667,2.8271703E-5
40.4166666666667,-15.0833333333333,2.9912343E-7
40.0833333333333,-11.0833333333333,3.8473013E-6
45.0833333333333,-21.75,3.401233E-8
47.25,-21.75,4.2525357E-5
43.25,-11.5833333333333,9.203631E-5
45.0833333333333,-16.4166666666667,1.9124031E-6
47.0833333333333,-23.4166666666667,0.0046126517
46.25,-22.4166666666667,2.1212727E-6
49.0833333333333,-15.75,3.4882498E-5
40.4166666666667,-10.5833333333333,6.3801735E-7
44.75,-19.75,8.3357186E-8
45.9166666666667,-20.0833333333333,9.398253E-8
47.9166666666667,-20.5833333333333,8.825474E-4
46.4166666666667,-24.25,2.1490796E-5
49.0833333333333,-12.5833333333333,3.6099973E-5
40.25,-12.25,4.3249643E-6
45.5833333333333,-24.75,1.424144E-6
47.9166666666667,-14.75,9.7471304E-5
43.9166666666667,-22.4166666666667,6.947018E-8
49.0833333333333,-14.9166666666667,4.404516E-5
43.9166666666667,-17.5833333333333,6.2752893E-6
43.5833333333333,-22.5833333333333,3.4700975E-10
47.5833333333333,-17.25,5.29642E-7
48.25,-14.25,3.193815E-5
50.25,-15.75,2.5430444E-7
47.75,-14.4166666666667,4.3469487E-4
46.5833333333333,-25.25,3.0979195E-9
48.5833333333333,-13.4166666666667,2.7125046E-7
43.25,-22.25,3.4170913E-8
45.75,-24.75,1.1511557E-6
50.0833333333333,-14.25,1.3999681E-7
47.5833333333333,-14.9166666666667,9.3774834E-5
45.5833333333333,-25.0833333333333,6.363025E-5
46.25,-16.75,2.2329885E-5
48.75,-15.5833333333333,5.9673108E-5
44.5833333333333,-22.4166666666667,1.9930684E-9
56.75,-10.4166666666667,9.996792E-7
46.4166666666667,-15.5833333333333,6.8326796E-7
43.9166666666667,-21.0833333333333,5.575912E-8
45.4166666666667,-19.75,3.846845E-10
45.5833333333333,-16.25,6.2637237E-6
46.75,-15.4166666666667,2.7952552E-5
44.25,-18.9166666666667,4.203724E-6
43.75,-23.75,4.5527737E-5
47.5833333333333,-22.9166666666667,7.878945E-5
44.5833333333333,-24.9166666666667,1.5425053E-4
46.4166666666667,-16.4166666666667,3.809413E-6
47.9166666666667,-17.5833333333333,5.672672E-6
49.75,-17.0833333333333,3.2483942E-5
48.4166666666667,-15.25,1.9583593E-5
48.75,-16.9166666666667,2.3342327E-4
47.75,-20.4166666666667,0.0030981281
46.4166666666667,-19.0833333333333,5.545899E-7
47.25,-15.4166666666667,2.6378632E-6
48.25,-14.4166666666667,8.909681E-5
40.0833333333333,-11.5833333333333,3.2119542E-6
45.25,-21.0833333333333,6.815438E-8
49.5833333333333,-14.5833333333333,9.975034E-4
51.25,-10.25,2.4319851E-8
46.9166666666667,-21.4166666666667,3.140017E-4
48.5833333333333,-14.9166666666667,4.571541E-5
44.25,-21.25,3.5014596E-9
49.0833333333333,-15.25,1.03016455E-5
44.0833333333333,-23.75,5.3491232E-5
44.0833333333333,-22.75,9.4959255E-8
47.75,-14.0833333333333,1.565722E-5
40.25,-11.75,9.113092E-7
48.5833333333333,-20.4166666666667,9.7396005E-6
47.0833333333333,-18.5833333333333,1.0245181E-4
45.25,-20.5833333333333,8.722184E-10
44.75,-18.5833333333333,3.7967498E-6
48.75,-17.5833333333333,6.642614E-5
48.0833333333333,-21.4166666666667,9.089975E-4
47.5833333333333,-21.9166666666667,1.6129935E-4
50.0833333333333,-14.75,1.5705069E-7
40.4166666666667,-10.75,9.979829E-7
45.0833333333333,-18.4166666666667,1.1402058E-8
48.0833333333333,-18.0833333333333,2.8739772E-5
45.9166666666667,-18.25,8.8294605E-8
44.4166666666667,-22.75,4.042069E-10
47.4166666666667,-15.75,2.6973316E-7
48.4166666666667,-18.9166666666667,0.33963755
46.5833333333333,-24.4166666666667,6.2005824E-6
48.0833333333333,-14.9166666666667,2.3895026E-4
48.9166666666667,-18.9166666666667,7.0712176E-6
47.4166666666667,-14.9166666666667,2.806543E-5
46.75,-25.25,9.197003E-10
49.0833333333333,-19.25,0.0012884144
45.25,-21.4166666666667,6.469515E-8
40.5833333333333,-12.0833333333333,5.1044907E-7
40.0833333333333,-10.0833333333333,1.7950785E-7
46.5833333333333,-23.5833333333333,0.0011733752
46.4166666666667,-25.25,3.6208135E-8
45.9166666666667,-17.9166666666667,2.0407943E-7
45.5833333333333,-16.9166666666667,2.3054977E-6
44.75,-24.4166666666667,5.105913E-5
46.9166666666667,-21.9166666666667,5.72622E-4
46.75,-24.75,2.097642E-6
46.4166666666667,-20.4166666666667,2.3862953E-5
48.75,-13.4166666666667,5.27171E-6
42.75,-17.0833333333333,5.679703E-7
49.75,-16.5833333333333,2.7968756E-5
43.75,-22.0833333333333,3.626237E-10
48.25,-17.25,5.0220606E-6
47.4166666666667,-19.4166666666667,9.331542E-6
48.25,-17.4166666666667,2.9904297E-6
44.4166666666667,-24.4166666666667,5.9825285E-5
45.25,-25.25,1.0018624E-4
48.4166666666667,-19.4166666666667,0.01177986
40.4166666666667,-15.25,2.630188E-7
44.5833333333333,-17.75,2.7027816E-6
46.0833333333333,-18.4166666666667,1.2211174E-7
45.0833333333333,-12.9166666666667,3.6591055E-6
44.5833333333333,-22.9166666666667,4.307854E-10
45.75,-25.0833333333333,2.5020612E-5
44.0833333333333,-25.0833333333333,1.9160629E-5
45.75,-19.9166666666667,3.211278E-9
48.75,-17.25,1.00246754E-4
47.5833333333333,-19.25,4.924691E-5
48.4166666666667,-15.75,1.0101609E-5
47.25,-17.0833333333333,5.2005003E-6
48.5833333333333,-16.9166666666667,1.3549253E-5
47.5833333333333,-21.4166666666667,5.4241583E-4
40.25,-12.75,1.0206571E-6
45.75,-23.25,9.562228E-7
44.9166666666667,-21.5833333333333,4.5410598E-8
49.5833333333333,-14.0833333333333,4.2081138E-4
45.0833333333333,-12.75,2.663511E-6
49.4166666666667,-15.9166666666667,5.7334686E-4
47.4166666666667,-20.5833333333333,6.6136284E-4
43.75,-23.4166666666667,7.194382E-6
45.25,-21.9166666666667,2.08219E-8
47.9166666666667,-19.0833333333333,4.325352E-4
55.25,-21.25,1.1694123E-8
45.25,-22.0833333333333,1.4540761E-8
50.4166666666667,-15.0833333333333,6.5752346E-8
47.5833333333333,-16.4166666666667,3.1643287E-7
40.0833333333333,-13.25,2.0494365E-6
46.0833333333333,-21.9166666666667,1.1114316E-6
45.4166666666667,-20.0833333333333,5.227845E-10
40.5833333333333,-14.4166666666667,1.9413574E-6
43.75,-22.5833333333333,8.399146E-10
46.5833333333333,-24.9166666666667,1.16890945E-7
44.5833333333333,-25.0833333333333,1.4912245E-4
44.25,-18.25,1.0709763E-6
49.4166666666667,-14.25,5.9621994E-5
40.4166666666667,-11.4166666666667,4.0007183E-7
49.9166666666667,-17.0833333333333,9.725432E-6
43.9166666666667,-23.9166666666667,6.270853E-5
48.4166666666667,-13.4166666666667,6.82189E-7
46.25,-18.9166666666667,9.159315E-7
48.0833333333333,-17.4166666666667,6.936602E-6
46.5833333333333,-17.25,8.086466E-8
44.25,-18.5833333333333,3.564124E-6
45.9166666666667,-22.4166666666667,1.2253218E-5
40.4166666666667,-13.75,1.7775063E-6
49.4166666666667,-17.25,1.113181E-5
43.9166666666667,-18.4166666666667,7.058188E-7
40.25,-12.5833333333333,1.1434796E-6
48.4166666666667,-17.25,5.813993E-6
46.9166666666667,-22.0833333333333,6.184792E-5
46.75,-16.9166666666667,1.0093642E-7
49.5833333333333,-16.4166666666667,6.849227E-4
45.0833333333333,-23.25,2.1338291E-9
40.4166666666667,-11.9166666666667,8.2184255E-7
47.0833333333333,-19.5833333333333,2.6182488E-6
45.75,-19.75,8.61627E-9
44.4166666666667,-24.25,3.779193E-5
40.75,-11.25,1.2228872E-7
49.75,-12.75,1.2103733E-6
48.75,-15.4166666666667,3.3823435E-5
40.0833333333333,-13.75,1.3202401E-5
57.5833333333333,-20.0833333333333,5.588957E-7
46.5833333333333,-15.75,1.3345093E-6
57.75,-20.25,5.2467885E-7
44.9166666666667,-21.9166666666667,1.5785735E-8
40.0833333333333,-16.4166666666667,1.859134E-10
45.0833333333333,-15.9166666666667,2.9798564E-6
48.25,-20.9166666666667,2.5085437E-5
47.5833333333333,-15.4166666666667,1.7845151E-7
40.0833333333333,-13.0833333333333,3.0723736E-6
46.9166666666667,-20.5833333333333,2.3259022E-4
48.75,-16.4166666666667,8.0651045E-4
48.75,-18.25,0.0048421756
47.25,-16.5833333333333,2.5362255E-7
40.4166666666667,-13.0833333333333,6.3743187E-7
44.5833333333333,-23.75,3.1877112E-6
46.0833333333333,-15.9166666666667,2.3074194E-6
49.25,-14.5833333333333,6.0899867E-5
44.4166666666667,-16.9166666666667,2.5732436E-6
44.9166666666667,-17.75,5.6441337E-7
49.4166666666667,-14.9166666666667,4.377906E-4
44.5833333333333,-19.5833333333333,1.188816E-7
50.25,-15.4166666666667,4.3345864E-7
47.75,-23.0833333333333,4.510775E-6
49.4166666666667,-17.0833333333333,1.268717E-5
44.4166666666667,-18.75,6.7536416E-7
45.9166666666667,-24.5833333333333,1.2712126E-6
45.5833333333333,-23.9166666666667,2.307302E-9
49.4166666666667,-15.0833333333333,6.401465E-4
48.0833333333333,-17.0833333333333,2.6178134E-6
45.5833333333333,-21.5833333333333,2.9589472E-7
45.0833333333333,-13.0833333333333,2.0275247E-6
44.0833333333333,-18.5833333333333,1.0010314E-5
45.75,-21.25,3.6923865E-8
45.25,-25.5833333333333,3.893077E-7
44.75,-23.5833333333333,5.221052E-8
48.5833333333333,-12.9166666666667,1.8568637E-5
47.5833333333333,-21.5833333333333,3.3960867E-4
47.0833333333333,-16.0833333333333,1.3076237E-6
43.75,-23.25,1.1220022E-6
47.9166666666667,-15.25,2.9697683E-6
49.0833333333333,-13.4166666666667,1.6943055E-6
46.75,-24.5833333333333,2.8231845E-5
49.75,-16.0833333333333,1.17097065E-4
47.9166666666667,-18.25,4.2778513E-4
44.9166666666667,-18.9166666666667,9.531814E-7
44.9166666666667,-17.4166666666667,5.725847E-6
50.0833333333333,-16.75,0.0014935349
50.0833333333333,-13.4166666666667,1.7529513E-7
47.25,-23.0833333333333,5.277858E-4
43.9166666666667,-24.75,4.8703114E-5
46.9166666666667,-17.4166666666667,1.3305355E-6
44.5833333333333,-12.25,1.3974589E-5
48.75,-18.4166666666667,0.0015473921
45.5833333333333,-17.25,3.4401052E-7
45.5833333333333,-20.9166666666667,2.6355563E-8
47.0833333333333,-22.0833333333333,1.3693816E-4
43.4166666666667,-22.5833333333333,4.677743E-8
47.25,-23.75,5.895012E-5
49.0833333333333,-15.0833333333333,7.1946647E-6
45.4166666666667,-20.9166666666667,2.516265E-8
45.5833333333333,-20.0833333333333,2.754419E-10
46.0833333333333,-16.9166666666667,1.1588639E-6
55.5833333333333,-21.0833333333333,3.6940484E-10
50.25,-15.25,3.7963517E-7
47.5833333333333,-18.75,3.8493954E-4
46.75,-15.5833333333333,2.1117262E-6
40.0833333333333,-12.4166666666667,3.374821E-6
45.4166666666667,-19.5833333333333,1.868189E-10
44.4166666666667,-24.9166666666667,1.5383358E-4
46.0833333333333,-22.75,3.0389516E-5
48.5833333333333,-19.9166666666667,6.5328204E-5
46.9166666666667,-18.5833333333333,2.633537E-5
44.0833333333333,-18.25,7.643977E-6
49.5833333333333,-15.75,6.5684435E-4
46.5833333333333,-21.75,7.069911E-5
48.5833333333333,-15.75,2.2857337E-5
44.5833333333333,-22.75,1.4753065E-10
45.5833333333333,-17.5833333333333,1.19004095E-8
49.25,-13.9166666666667,6.40772E-5
46.9166666666667,-17.25,4.32033E-7
44.5833333333333,-23.25,1.7377372E-8
48.9166666666667,-16.75,3.7913673E-4
47.25,-23.4166666666667,6.49609E-4
40.25,-13.5833333333333,2.5385466E-6
44.0833333333333,-21.75,9.071959E-9
47.75,-16.75,2.320614E-6
47.0833333333333,-23.0833333333333,9.282977E-4
46.75,-16.75,5.7900408E-8
43.75,-21.5833333333333,2.0773578E-9
59.5833333333333,-16.5833333333333,1.493472E-12
47.5833333333333,-15.25,4.2733663E-7
44.5833333333333,-17.9166666666667,1.612805E-5
46.75,-22.75,1.6171636E-5
45.9166666666667,-18.0833333333333,1.9283405E-7
44.5833333333333,-16.4166666666667,2.8385653E-6
48.9166666666667,-16.5833333333333,0.0011090162
43.5833333333333,-21.4166666666667,6.122553E-9
55.25,-21.0833333333333,1.2135442E-7
48.4166666666667,-18.75,0.31689093
49.0833333333333,-17.4166666666667,0.0025040973
49.25,-12.9166666666667,1.0747429E-5
46.25,-24.25,1.7763423E-5
43.9166666666667,-23.5833333333333,2.7583988E-5
47.4166666666667,-17.9166666666667,1.8817387E-6
45.5833333333333,-17.4166666666667,4.7961476E-7
48.5833333333333,-14.5833333333333,3.7130354E-5
43.5833333333333,-23.25,2.3750115E-6
47.75,-21.75,3.7042616E-4
44.25,-19.0833333333333,5.4921193E-6
49.75,-13.75,3.4344976E-5
47.0833333333333,-21.25,3.2290863E-4
47.9166666666667,-20.0833333333333,0.002917522
46.9166666666667,-23.25,0.0013410912
45.25,-18.4166666666667,1.8183913E-8
47.5833333333333,-20.25,0.0017476007
47.5833333333333,-18.5833333333333,5.932403E-4
48.5833333333333,-17.5833333333333,2.0183965E-5
46.5833333333333,-20.0833333333333,5.3230797E-5
44.75,-24.0833333333333,1.1562625E-5
44.5833333333333,-18.9166666666667,6.2695456E-8
40.4166666666667,-13.25,1.0727238E-6
45.25,-18.9166666666667,1.7222254E-9
44.25,-20.5833333333333,1.5139076E-7
45.9166666666667,-16.5833333333333,8.971546E-5
45.5833333333333,-21.25,1.2509506E-8
48.25,-13.75,6.462202E-7
48.75,-12.25,3.481742E-7
45.0833333333333,-24.75,2.1420901E-5
45.4166666666667,-17.4166666666667,2.0036389E-7
47.9166666666667,-20.4166666666667,0.0056403643
45.0833333333333,-23.5833333333333,4.88249E-10
45.4166666666667,-24.9166666666667,4.976907E-5
43.4166666666667,-23.0833333333333,5.9183174E-7
46.4166666666667,-16.75,1.5389825E-6
47.0833333333333,-17.75,1.106787E-6
47.0833333333333,-21.9166666666667,5.185815E-4
47.25,-21.25,1.6791103E-4
48.5833333333333,-18.4166666666667,0.013124029
44.9166666666667,-25.4166666666667,1.4603397E-5
45.25,-22.5833333333333,5.0757812E-8
48.5833333333333,-17.25,1.5560043E-5
47.4166666666667,-19.0833333333333,9.886998E-5
50.0833333333333,-13.75,2.8244423E-7
46.5833333333333,-15.9166666666667,4.5507472E-6
44.0833333333333,-23.4166666666667,3.1681382E-6
46.0833333333333,-22.4166666666667,3.3201252E-6
49.4166666666667,-14.0833333333333,9.092155E-5
43.4166666666667,-22.25,2.6832927E-8
46.4166666666667,-22.0833333333333,1.0777653E-5
40.4166666666667,-12.0833333333333,1.220504E-6
47.25,-15.9166666666667,4.9540485E-8
44.0833333333333,-21.5833333333333,7.534837E-9
44.9166666666667,-17.5833333333333,1.3236848E-6
49.9166666666667,-13.0833333333333,1.3987033E-6
47.9166666666667,-19.25,1.8128462E-4
40.0833333333333,-10.5833333333333,3.3517676E-6
44.0833333333333,-24.9166666666667,4.776184E-5
50.0833333333333,-13.5833333333333,2.392137E-7
49.4166666666667,-12.0833333333333,1.9099314E-6
45.75,-24.0833333333333,5.5020045E-8
44.25,-17.5833333333333,7.0731103E-6
50.0833333333333,-13.9166666666667,2.231552E-7
48.9166666666667,-13.9166666666667,3.9849925E-5
45.75,-24.5833333333333,6.506898E-7
45.9166666666667,-22.25,7.990657E-6
45.5833333333333,-22.75,8.3065345E-8
45.9166666666667,-17.0833333333333,2.5438537E-6
48.75,-12.5833333333333,2.4237352E-6
49.9166666666667,-15.75,2.7317974E-6
49.75,-15.25,1.2357798E-4
43.25,-22.5833333333333,1.1664247E-7
50.4166666666667,-15.4166666666667,6.2691875E-8
46.4166666666667,-17.75,3.7223114E-7
47.4166666666667,-17.4166666666667,2.07806E-6
47.4166666666667,-15.25,2.4229007E-7
46.25,-21.25,5.393691E-7
44.4166666666667,-19.9166666666667,1.9094948E-6
40.0833333333333,-13.9166666666667,1.0455563E-5
48.9166666666667,-14.9166666666667,4.8396946E-6
47.9166666666667,-15.9166666666667,2.5088887E-6
46.4166666666667,-21.25,1.7796866E-6
46.9166666666667,-23.0833333333333,2.2690256E-4
40.4166666666667,-15.75,1.15229135E-7
45.75,-18.4166666666667,9.2367536E-8
47.25,-14.75,1.8521405E-5
40.5833333333333,-10.4166666666667,3.4845343E-7
45.75,-15.75,2.0698574E-6
40.25,-10.5833333333333,7.7115345E-7
48.4166666666667,-14.9166666666667,6.1158056E-4
46.0833333333333,-21.5833333333333,4.5004631E-7
44.9166666666667,-18.0833333333333,1.2863592E-7
48.75,-18.9166666666667,0.014142922
44.0833333333333,-22.9166666666667,3.2210757E-8
46.0833333333333,-23.9166666666667,1.4941548E-6
46.75,-21.75,1.2594849E-4
47.25,-15.0833333333333,1.0398631E-5
46.25,-15.5833333333333,2.10197E-6
46.25,-23.75,3.6896232E-5
47.5833333333333,-16.25,2.0060104E-7
45.4166666666667,-21.25,5.568736E-8
47.25,-17.9166666666667,1.0541071E-6
47.5833333333333,-18.4166666666667,4.7857837E-5
46.25,-21.0833333333333,4.103888E-7
47.0833333333333,-15.9166666666667,9.2643155E-8
43.5833333333333,-23.5833333333333,1.9491725E-5
47.75,-19.75,2.9741912E-4
47.4166666666667,-18.4166666666667,5.348488E-5
45.9166666666667,-16.0833333333333,9.518537E-6
45.75,-16.75,2.705495E-6
40.75,-15.0833333333333,3.9752454E-8
44.4166666666667,-23.25,5.098499E-8
44.75,-17.75,1.7550038E-6
49.25,-17.75,5.410727E-4
46.25,-24.0833333333333,9.9895464E-5
47.75,-18.5833333333333,2.938579E-4
48.0833333333333,-17.9166666666667,5.2072974E-6
46.9166666666667,-22.9166666666667,5.0094677E-5
46.0833333333333,-21.0833333333333,2.7558082E-7
44.25,-22.25,3.0445204E-8
49.0833333333333,-13.5833333333333,3.699579E-6
46.75,-18.4166666666667,1.55313E-5
44.9166666666667,-22.9166666666667,3.5147862E-9
44.25,-17.0833333333333,3.4490452E-6
46.5833333333333,-15.5833333333333,2.2237336E-6
49.25,-15.9166666666667,9.5595795E-5
46.5833333333333,-23.25,5.2243826E-4
46.0833333333333,-24.75,1.1357572E-6
49.9166666666667,-16.5833333333333,2.7199481E-5
46.4166666666667,-19.5833333333333,6.6102467E-7
49.4166666666667,-16.0833333333333,9.117442E-4
48.75,-18.75,0.99335
45.75,-23.5833333333333,1.72427E-7
47.9166666666667,-19.5833333333333,0.0012285976
47.0833333333333,-20.4166666666667,6.468488E-4
46.25,-19.5833333333333,2.570738E-7
46.4166666666667,-23.4166666666667,1.945301E-4
44.75,-16.9166666666667,6.356759E-6
46.5833333333333,-24.25,2.1263593E-5
47.9166666666667,-16.25,4.80329E-6
45.4166666666667,-23.0833333333333,1.0884549E-8
48.25,-19.9166666666667,8.0362055E-4
49.9166666666667,-13.75,2.2444856E-6
46.75,-19.25,1.3951275E-5
47.75,-15.75,3.7799407E-7
45.9166666666667,-15.9166666666667,3.7824811E-6
40.4166666666667,-12.75,7.518524E-7
46.0833333333333,-19.25,1.9654337E-7
40.4166666666667,-12.9166666666667,5.0814464E-7
47.75,-18.25,5.5373483E-5
50.0833333333333,-14.9166666666667,4.8587543E-7
48.0833333333333,-14.25,1.1875546E-5
45.25,-24.75,1.4551406E-5
47.9166666666667,-18.0833333333333,1.00375066E-4
40.5833333333333,-14.0833333333333,1.8082978E-6
47.25,-17.75,7.5421275E-7
46.5833333333333,-19.75,4.580912E-6
48.25,-21.0833333333333,3.491772E-6
46.75,-16.0833333333333,4.8187E-7
47.25,-22.5833333333333,6.857514E-5
47.75,-19.25,1.7915787E-4
49.4166666666667,-16.75,9.635328E-4
46.4166666666667,-22.5833333333333,7.6839E-6
49.5833333333333,-15.9166666666667,7.274054E-4
46.4166666666667,-16.25,1.4601334E-6
47.5833333333333,-19.4166666666667,3.4206063E-5
45.0833333333333,-24.4166666666667,4.227564E-5
47.0833333333333,-22.25,3.065482E-5
48.0833333333333,-21.5833333333333,2.0754088E-4
47.0833333333333,-22.75,1.2173675E-4
40.0833333333333,-16.25,2.9744438E-8
49.4166666666667,-14.5833333333333,6.161021E-4
47.75,-20.9166666666667,9.671847E-4
49.25,-13.0833333333333,2.1277224E-6
46.5833333333333,-21.0833333333333,1.2665717E-5
44.0833333333333,-23.25,1.2632967E-7
45.0833333333333,-20.9166666666667,1.960645E-9
47.75,-14.5833333333333,1.1477569E-4
48.5833333333333,-17.0833333333333,1.6407024E-5
48.9166666666667,-15.9166666666667,3.391791E-5
49.25,-13.25,1.1778094E-6
49.0833333333333,-16.5833333333333,6.891538E-4
45.75,-22.25,3.0173492E-6
49.75,-16.75,3.0910881E-4
46.9166666666667,-22.5833333333333,2.5001471E-5
47.0833333333333,-18.9166666666667,9.924143E-5
47.25,-23.25,8.470134E-4
47.25,-24.25,1.2636627E-4
48.75,-15.9166666666667,4.162607E-5
48.5833333333333,-17.75,4.7719783E-5
45.25,-17.4166666666667,1.1303205E-6
47.9166666666667,-15.75,1.0109351E-5
45.0833333333333,-25.25,5.2487256E-5
48.25,-15.25,3.4497763E-5
48.0833333333333,-15.5833333333333,5.1548916E-5
47.75,-17.5833333333333,2.0705277E-6
45.25,-16.9166666666667,3.1042787E-6
40.25,-12.4166666666667,3.0086749E-6
49.25,-16.75,0.0010564447
45.75,-18.5833333333333,8.4244355E-8
45.25,-17.75,4.1824844E-8
46.0833333333333,-20.75,1.05320744E-7
43.9166666666667,-17.75,5.949329E-6
49.5833333333333,-15.4166666666667,6.0010294E-4
40.5833333333333,-11.9166666666667,3.8519377E-7
46.4166666666667,-23.0833333333333,4.2099273E-4
44.5833333333333,-24.25,5.8604513E-5
47.0833333333333,-21.4166666666667,2.5420653E-4
48.25,-17.5833333333333,1.2188261E-6
45.25,-21.5833333333333,4.900355E-8
46.0833333333333,-21.4166666666667,3.673517E-7
47.75,-15.5833333333333,1.07470555E-7
47.25,-21.9166666666667,2.2350872E-5
49.9166666666667,-15.5833333333333,6.1993983E-6
45.75,-22.4166666666667,2.3639716E-6
48.4166666666667,-13.9166666666667,5.8263843E-4
43.75,-22.4166666666667,3.4374525E-10
55.4166666666667,-21.0833333333333,1.3725642E-9
46.9166666666667,-24.5833333333333,1.9602871E-6
44.5833333333333,-16.9166666666667,1.989586E-6
45.5833333333333,-21.9166666666667,3.0302888E-7
47.0833333333333,-19.25,6.828078E-6
43.75,-22.75,5.807172E-9
45.25,-16.25,4.0274585E-6
45.75,-20.75,1.7741748E-9
47.5833333333333,-23.25,1.1943916E-4
45.9166666666667,-24.0833333333333,5.308559E-7
43.5833333333333,-12.4166666666667,1.49756015E-5
44.9166666666667,-24.5833333333333,2.7693355E-5
46.9166666666667,-18.25,1.7129771E-6
47.0833333333333,-20.9166666666667,3.3672902E-4
46.0833333333333,-21.25,3.2680563E-7
46.9166666666667,-20.75,1.5754654E-4
45.0833333333333,-18.75,2.1890276E-8
46.4166666666667,-17.0833333333333,2.5342263E-7
43.75,-12.4166666666667,4.344751E-5
44.4166666666667,-19.0833333333333,9.386536E-7
48.0833333333333,-19.5833333333333,0.002651921
45.75,-18.25,1.0405681E-7
49.0833333333333,-13.9166666666667,1.04382125E-4
48.0833333333333,-15.75,1.9084215E-5
48.9166666666667,-18.75,0.0044011083
45.5833333333333,-23.5833333333333,2.1137904E-8
46.4166666666667,-23.75,1.8209497E-4
46.75,-24.9166666666667,3.037211E-7
49.9166666666667,-13.5833333333333,1.9093598E-6
44.5833333333333,-16.75,1.7881379E-6
46.9166666666667,-17.75,9.07337E-7
48.5833333333333,-14.25,2.0812923E-4
47.9166666666667,-13.5833333333333,6.6641576E-7
45.75,-19.5833333333333,2.18876E-8
47.9166666666667,-22.5833333333333,4.0984914E-6
44.5833333333333,-24.75,1.3013268E-4
44.9166666666667,-24.75,4.1578445E-5
49.25,-12.75,3.7216876E-5
47.9166666666667,-18.75,7.2477886E-4
48.0833333333333,-21.25,4.084408E-4
48.75,-20.0833333333333,2.111277E-5
46.75,-20.4166666666667,1.3099646E-4
49.75,-14.75,5.8248785E-4
47.9166666666667,-20.9166666666667,0.0013980921
46.75,-17.0833333333333,1.07128685E-7
47.4166666666667,-17.75,1.4577037E-6
47.4166666666667,-18.9166666666667,2.6701932E-4
49.0833333333333,-17.0833333333333,0.0011197724
46.4166666666667,-24.0833333333333,9.386809E-5
44.75,-24.9166666666667,7.979525E-5
46.75,-16.25,1.3256375E-6
48.75,-17.9166666666667,8.798277E-5
47.25,-11.5833333333333,4.0683656E-9
47.75,-14.9166666666667,3.9765422E-4
45.75,-17.4166666666667,2.8413814E-7
48.4166666666667,-14.4166666666667,3.8046404E-5
47.0833333333333,-22.9166666666667,2.5662934E-4
44.4166666666667,-16.25,1.9523657E-6
45.25,-18.0833333333333,8.908643E-8
46.0833333333333,-18.9166666666667,1.8672168E-7
46.9166666666667,-25.0833333333333,3.2773184E-9
49.5833333333333,-13.25,7.6258866E-6
48.4166666666667,-17.75,2.2191655E-6
40.25,-11.9166666666667,2.6934742E-6
46.4166666666667,-16.0833333333333,5.454294E-6
44.4166666666667,-19.5833333333333,3.2157418E-6
47.0833333333333,-22.5833333333333,4.9346192E-5
47.5833333333333,-18.0833333333333,9.07499E-6
47.5833333333333,-18.25,1.0656236E-5
48.9166666666667,-14.4166666666667,1.1414892E-6
46.9166666666667,-16.25,7.663721E-6
40.75,-14.9166666666667,1.6961062E-7
46.0833333333333,-24.5833333333333,1.5451337E-6
46.75,-17.9166666666667,5.5163315E-7
43.5833333333333,-12.25,5.4540236E-5
44.4166666666667,-25.25,1.6520824E-5
46.75,-21.25,4.967189E-4
45.25,-19.9166666666667,2.741099E-9
47.75,-22.4166666666667,5.1906E-5
48.5833333333333,-17.4166666666667,1.7777265E-5
47.9166666666667,-21.0833333333333,0.001704284
45.9166666666667,-24.4166666666667,1.2749314E-6
48.9166666666667,-12.9166666666667,6.7453307E-6
48.75,-14.4166666666667,3.439722E-4
55.25,-20.9166666666667,1.1671428E-7
46.9166666666667,-18.0833333333333,1.0010868E-6
48.75,-12.75,5.2057874E-7
40.25,-15.9166666666667,6.468817E-8
46.5833333333333,-16.9166666666667,6.2516754E-8
44.75,-17.9166666666667,4.998384E-7
46.5833333333333,-22.4166666666667,3.03733E-5
44.4166666666667,-23.5833333333333,1.8070314E-5
46.5833333333333,-16.75,1.0874852E-7
48.0833333333333,-16.25,5.7682205E-6
45.0833333333333,-21.4166666666667,1.2751319E-7
44.5833333333333,-19.75,8.961668E-8
55.4166666666667,-21.25,4.1268153E-9
44.5833333333333,-17.4166666666667,9.440996E-6
44.4166666666667,-20.9166666666667,1.5165678E-8
49.0833333333333,-18.75,1.3284945E-4
43.9166666666667,-24.0833333333333,8.592708E-5
44.75,-21.4166666666667,2.2317645E-8
45.75,-16.9166666666667,4.7633097E-7
40.5833333333333,-11.0833333333333,4.4800424E-7
45.4166666666667,-24.75,6.8797544E-6
49.9166666666667,-14.9166666666667,3.480542E-5
48.4166666666667,-20.5833333333333,1.5936319E-5
48.25,-14.5833333333333,3.573606E-4
46.5833333333333,-18.0833333333333,3.76899E-7
47.75,-21.4166666666667,5.75741E-4
45.25,-19.4166666666667,6.129873E-9
44.9166666666667,-16.9166666666667,4.8302804E-6
48.4166666666667,-14.75,4.649591E-5
48.0833333333333,-13.9166666666667,1.0713197E-6
40.4166666666667,-22.4166666666667,4.9114086E-9
48.0833333333333,-18.75,3.0095794E-4
40.0833333333333,-11.9166666666667,1.5725914E-6
57.75,-19.9166666666667,2.1608795E-9
48.25,-19.25,0.07617985
49.0833333333333,-14.4166666666667,8.826103E-5
48.4166666666667,-13.75,1.9645002E-7
45.5833333333333,-25.5833333333333,1.8183735E-8
40.4166666666667,-11.0833333333333,7.2053143E-7
47.25,-21.4166666666667,1.3766423E-4
48.75,-20.25,2.8467382E-5
44.75,-22.75,1.1006409E-9
45.25,-20.25,6.7510575E-10
45.5833333333333,-20.25,1.02215236E-10
46.0833333333333,-19.0833333333333,1.1668236E-7
49.5833333333333,-14.25,2.9548394E-4
46.4166666666667,-18.4166666666667,1.6333723E-7
40.25,-14.25,5.8894248E-6
47.5833333333333,-22.4166666666667,7.3182455E-5
44.9166666666667,-21.75,1.40859395E-8
45.4166666666667,-17.5833333333333,4.8620645E-8
46.25,-21.5833333333333,8.037696E-7
56.5833333333333,-10.4166666666667,1.3900953E-6
45.0833333333333,-22.9166666666667,6.8607133E-9
47.9166666666667,-13.75,9.3816004E-7
46.75,-19.5833333333333,1.8823339E-5
44.9166666666667,-22.5833333333333,1.1492485E-8
45.5833333333333,-19.5833333333333,4.728803E-9
44.5833333333333,-17.5833333333333,5.206761E-6
47.0833333333333,-17.5833333333333,1.395862E-6
49.0833333333333,-16.25,5.629221E-5
46.75,-15.75,2.1401E-6
45.0833333333333,-24.25,2.2416049E-5
44.25,-24.4166666666667,2.1307695E-5
45.4166666666667,-23.9166666666667,1.7202545E-8
47.0833333333333,-15.4166666666667,7.6980126E-5
46.4166666666667,-20.0833333333333,7.8215535E-6
44.5833333333333,-20.4166666666667,1.3726427E-8
44.9166666666667,-16.0833333333333,2.7518815E-6
48.0833333333333,-15.25,1.1145755E-5
49.4166666666667,-16.25,8.9776446E-4
48.25,-13.4166666666667,7.917279E-8
45.4166666666667,-16.5833333333333,3.8692324E-6
46.0833333333333,-22.5833333333333,2.9185085E-5
49.25,-12.25,7.3830665E-6
45.5833333333333,-19.0833333333333,1.2174652E-7
45.4166666666667,-19.4166666666667,4.8382676E-10
40.25,-15.75,9.6636334E-8
49.9166666666667,-16.75,6.7895296E-4
44.0833333333333,-23.0833333333333,7.0154336E-8
40.0833333333333,-12.0833333333333,5.285339E-6
40.5833333333333,-13.75,8.881341E-7
48.75,-14.0833333333333,4.1861647E-5
47.9166666666667,-17.0833333333333,3.0323188E-6
48.0833333333333,-16.75,3.0858791E-6
45.9166666666667,-19.5833333333333,1.3189072E-7
49.9166666666667,-15.0833333333333,1.8228154E-4
44.4166666666667,-20.4166666666667,5.7720612E-8
47.4166666666667,-17.25,6.691647E-7
51.0833333333333,-10.25,3.1702076E-8
47.4166666666667,-16.5833333333333,6.051646E-7
46.25,-20.25,3.8954437E-7
44.75,-17.0833333333333,5.9097083E-6
49.75,-16.25,2.0252817E-4
45.25,-17.5833333333333,2.6824284E-7
46.25,-21.75,1.2481858E-6
48.0833333333333,-20.4166666666667,8.4679085E-4
40.0833333333333,-12.5833333333333,1.9426193E-6
57.75,-20.4166666666667,1.9571851E-7
47.4166666666667,-20.25,0.0020594043
40.25,-14.4166666666667,6.5164204E-6
46.4166666666667,-17.9166666666667,2.1430085E-7
47.4166666666667,-21.0833333333333,3.2801626E-4
50.25,-15.0833333333333,1.1354129E-7
45.9166666666667,-24.75,9.4297974E-7
45.75,-19.4166666666667,1.446449E-8
44.4166666666667,-21.0833333333333,1.0544136E-8
48.5833333333333,-19.5833333333333,0.0046579954
46.4166666666667,-18.75,1.1872411E-6
44.25,-18.4166666666667,9.317872E-7
46.0833333333333,-20.0833333333333,1.4502372E-7
50.25,-14.9166666666667,8.484236E-8
49.9166666666667,-14.25,3.0353533E-6
46.5833333333333,-20.75,5.8652247E-5
45.9166666666667,-20.25,6.069285E-8
44.9166666666667,-22.75,2.1643203E-9
44.5833333333333,-16.25,2.908721E-6
44.25,-18.75,5.209976E-6
45.25,-19.25,2.5372855E-9
44.0833333333333,-21.25,4.7681623E-9
47.25,-18.0833333333333,8.407662E-5
44.0833333333333,-24.25,2.1909493E-5
47.0833333333333,-24.0833333333333,1.1062542E-4
47.0833333333333,-18.75,1.3934427E-4
46.9166666666667,-19.9166666666667,8.225017E-5
48.25,-20.4166666666667,4.422874E-4
44.25,-23.5833333333333,3.4377354E-5
49.25,-16.4166666666667,5.9115444E-4
46.75,-17.25,1.6805025E-7
47.4166666666667,-17.5833333333333,1.0632295E-6
45.0833333333333,-24.0833333333333,2.818339E-6
47.75,-16.5833333333333,1.3364729E-6
48.75,-19.75,8.953277E-5
43.9166666666667,-24.25,1.3456444E-4
45.5833333333333,-21.0833333333333,1.6380726E-8
43.25,-21.9166666666667,8.448843E-8
45.5833333333333,-18.4166666666667,1.5148663E-7
44.0833333333333,-21.4166666666667,3.3847316E-9
44.0833333333333,-17.75,9.012214E-6
47.75,-16.9166666666667,2.3026992E-6
43.9166666666667,-24.5833333333333,8.9625144E-5
47.0833333333333,-17.25,6.9646544E-6
45.0833333333333,-18.9166666666667,2.7420478E-8
45.4166666666667,-20.5833333333333,1.214723E-9
44.4166666666667,-22.5833333333333,1.945386E-9
47.75,-14.75,2.502481E-4
47.4166666666667,-21.9166666666667,8.9335204E-5
44.4166666666667,-24.75,1.3061443E-4
47.0833333333333,-19.4166666666667,5.161599E-6
48.9166666666667,-15.5833333333333,4.155133E-5
46.5833333333333,-22.75,1.3521302E-5
47.0833333333333,-16.9166666666667,6.9870043E-7
46.0833333333333,-19.5833333333333,1.7048117E-7
44.9166666666667,-23.0833333333333,4.242638E-9
49.25,-17.25,6.3843315E-4
43.9166666666667,-21.9166666666667,1.5926914E-9
57.4166666666667,-20.4166666666667,2.2079912E-7
44.75,-24.5833333333333,6.822131E-5
46.25,-16.25,9.439006E-6
47.75,-16.4166666666667,2.8249963E-6
46.25,-17.0833333333333,7.56003E-7
47.5833333333333,-15.5833333333333,1.372103E-7
45.0833333333333,-22.4166666666667,1.5003732E-8
48.75,-15.25,3.708571E-5
40.0833333333333,-10.25,5.313082E-7
46.4166666666667,-23.5833333333333,6.9465896E-4
49.75,-14.9166666666667,5.619334E-4
49.0833333333333,-17.5833333333333,0.0015400354
46.0833333333333,-16.75,2.1565489E-5
40.4166666666667,-12.5833333333333,6.869188E-7
47.25,-17.5833333333333,7.0023157E-7
45.75,-24.4166666666667,4.6033296E-7
46.9166666666667,-15.25,2.2800484E-4
46.5833333333333,-25.0833333333333,1.2386743E-8
45.75,-22.5833333333333,1.0532349E-6
47.25,-18.25,6.200104E-5
47.25,-19.25,4.8993948E-6
47.5833333333333,-23.75,8.885759E-6
47.75,-20.0833333333333,9.881705E-4
46.25,-22.75,6.2140614E-5
45.0833333333333,-19.75,4.1216848E-9
49.4166666666667,-12.5833333333333,5.501756E-6
40.5833333333333,-12.9166666666667,3.8614974E-7
48.4166666666667,-14.5833333333333,4.1177205E-5
44.5833333333333,-19.4166666666667,1.9588184E-7
40.0833333333333,-14.9166666666667,3.2716196E-6
43.75,-24.5833333333333,4.9794264E-5
46.0833333333333,-19.9166666666667,1.1340587E-7
45.75,-16.4166666666667,5.527455E-6
44.9166666666667,-20.5833333333333,3.2115013E-9
47.4166666666667,-15.9166666666667,1.9129013E-7
47.25,-15.25,2.400766E-6
45.25,-18.75,4.4516972E-9
46.5833333333333,-21.5833333333333,2.1062344E-5
46.9166666666667,-15.9166666666667,1.1973925E-7
45.4166666666667,-24.5833333333333,4.1877393E-6
49.25,-15.0833333333333,5.043597E-5
46.25,-22.9166666666667,2.272936E-4
45.0833333333333,-16.9166666666667,2.7376543E-6
40.0833333333333,-15.75,9.078744E-8
49.5833333333333,-13.75,3.1084597E-5
49.25,-18.4166666666667,1.341155E-5
46.4166666666667,-16.5833333333333,1.6189356E-6
47.75,-21.25,0.0018501945
44.25,-24.25,1.7303219E-5
46.9166666666667,-22.75,1.0244648E-5
40.4166666666667,-12.25,1.2404986E-6
46.25,-21.9166666666667,1.2309062E-6
47.25,-19.0833333333333,6.439834E-5
46.75,-20.5833333333333,2.1713048E-4
46.0833333333333,-16.5833333333333,2.838891E-5
48.5833333333333,-16.5833333333333,1.6437266E-4
45.25,-23.4166666666667,4.4096338E-10
46.75,-17.4166666666667,3.680897E-7
45.0833333333333,-22.5833333333333,9.450868E-9
43.5833333333333,-23.9166666666667,3.3606146E-5
43.5833333333333,-23.0833333333333,3.0197333E-7
47.9166666666667,-19.4166666666667,7.9981146E-5
47.75,-21.5833333333333,4.5969948E-4
49.0833333333333,-18.25,6.4847723E-4
45.5833333333333,-24.9166666666667,1.0475033E-5
44.5833333333333,-25.25,2.1376522E-5
48.0833333333333,-18.9166666666667,0.0011087924
40.0833333333333,-16.0833333333333,3.1310904E-8
47.75,-15.0833333333333,6.560072E-5
48.0833333333333,-22.0833333333333,3.4498742E-5
48.5833333333333,-18.75,0.043253984
49.0833333333333,-12.9166666666667,2.3793932E-6
40.4166666666667,-11.25,5.4727104E-7
46.9166666666667,-18.4166666666667,9.698345E-6
46.5833333333333,-22.0833333333333,1.6489454E-5
48.9166666666667,-14.25,7.20645E-5
45.25,-22.75,2.7057098E-8
47.4166666666667,-23.0833333333333,4.3998667E-4
48.4166666666667,-13.25,1.5157912E-7
50.25,-14.5833333333333,2.4909698E-7
46.9166666666667,-24.25,1.1693545E-4
48.25,-21.25,3.1878965E-6
47.25,-20.9166666666667,3.664116E-4
47.5833333333333,-15.9166666666667,3.8338328E-7
44.75,-20.75,2.8508347E-9
45.25,-25.0833333333333,1.9768564E-4
49.25,-14.75,5.155683E-5
48.9166666666667,-19.5833333333333,5.518789E-4
47.75,-22.25,8.172367E-5
44.9166666666667,-20.9166666666667,1.0616003E-9
48.4166666666667,-17.0833333333333,9.3958415E-6
48.9166666666667,-14.75,1.0742195E-5
48.0833333333333,-21.9166666666667,3.9817067E-5
48.5833333333333,-19.75,0.001663531
47.75,-20.5833333333333,0.0027506999
45.4166666666667,-17.25,5.893873E-7
46.0833333333333,-15.75,6.7102195E-7
46.9166666666667,-18.9166666666667,3.586576E-5
47.5833333333333,-21.75,2.3773324E-4
46.9166666666667,-23.75,0.004541601
49.4166666666667,-12.9166666666667,5.1183497E-6
47.5833333333333,-20.75,0.0019812067
44.25,-23.9166666666667,1.8160099E-5
44.5833333333333,-24.0833333333333,2.7061122E-5
47.75,-23.4166666666667,6.7437186E-6
45.9166666666667,-23.5833333333333,1.8324498E-6
46.5833333333333,-19.5833333333333,2.7237231E-6
46.4166666666667,-24.75,5.370312E-7
47.9166666666667,-22.25,6.437978E-5
47.9166666666667,-16.5833333333333,3.0403364E-6
43.5833333333333,-22.9166666666667,3.3053116E-8
45.25,-21.75,2.375167E-8
47.9166666666667,-14.4166666666667,1.7806183E-4
43.5833333333333,-21.9166666666667,5.2604882E-8
40.25,-22.4166666666667,6.2144E-9
46.0833333333333,-20.25,2.880793E-7
47.25,-21.5833333333333,8.473821E-5
45.75,-25.4166666666667,2.1655656E-7
48.0833333333333,-22.25,3.4432152E-5
43.4166666666667,-11.75,5.86333E-7
45.0833333333333,-16.25,3.5171963E-6
47.4166666666667,-16.9166666666667,2.8945083E-6
48.25,-19.0833333333333,0.08648813
44.75,-18.25,6.6461644E-6
45.4166666666667,-16.0833333333333,3.2571418E-6
49.0833333333333,-12.75,1.8897841E-5
47.25,-24.4166666666667,1.828068E-5
48.9166666666667,-16.0833333333333,9.68442E-5
45.0833333333333,-24.9166666666667,4.551735E-5
40.75,-15.25,7.757691E-8
47.25,-24.75,3.4474567E-7
48.5833333333333,-18.25,0.0011798139
47.0833333333333,-16.75,2.235663E-7
50.0833333333333,-15.4166666666667,3.5308694E-5
40.5833333333333,-12.4166666666667,4.0502167E-7
46.0833333333333,-25.25,4.2256917E-7
43.9166666666667,-22.0833333333333,7.333564E-10
48.5833333333333,-13.5833333333333,1.3712695E-6
45.5833333333333,-25.25,6.9009126E-5
46.25,-23.4166666666667,2.8856262E-4
46.4166666666667,-18.0833333333333,1.553928E-7
44.25,-22.5833333333333,1.2318155E-7
47.25,-17.4166666666667,1.7336199E-6
44.25,-22.75,2.5835359E-8
47.5833333333333,-16.9166666666667,2.0983632E-6
47.5833333333333,-14.5833333333333,2.4566514E-4
40.0833333333333,-11.4166666666667,3.870756E-6
47.0833333333333,-24.4166666666667,2.5725145E-5
40.25,-11.4166666666667,1.2216144E-6
46.25,-20.5833333333333,4.0608393E-6
45.25,-17.25,1.4146505E-6
40.4166666666667,-14.4166666666667,4.7404014E-6
45.75,-20.25,2.028878E-9
48.25,-20.75,2.0413045E-4
46.75,-20.25,1.8011284E-4
45.25,-20.75,1.7212921E-9
46.75,-23.4166666666667,9.403334E-4
49.4166666666667,-12.25,4.0253476E-6
45.25,-16.5833333333333,4.3839595E-6
47.4166666666667,-20.4166666666667,0.0012151162
48.0833333333333,-19.0833333333333,0.006858601
48.75,-19.5833333333333,7.6642254E-4
48.4166666666667,-14.0833333333333,1.7926366E-5
49.4166666666667,-13.4166666666667,1.5450183E-5
46.75,-24.4166666666667,3.4597012E-6
49.0833333333333,-12.0833333333333,2.3590824E-6
45.9166666666667,-20.9166666666667,4.9771916E-8
44.75,-16.4166666666667,2.6933292E-6
49.25,-15.5833333333333,1.5458642E-4
47.9166666666667,-14.25,4.5817244E-5
44.4166666666667,-22.0833333333333,6.1439573E-9
45.4166666666667,-18.9166666666667,7.954759E-8
46.4166666666667,-16.9166666666667,7.165226E-8
49.5833333333333,-12.4166666666667,1.1086572E-6
46.4166666666667,-22.75,3.7223428E-5
40.5833333333333,-10.9166666666667,5.3798334E-7
48.5833333333333,-20.0833333333333,2.3649458E-5
40.25,-12.0833333333333,2.38044E-6
40.0833333333333,-13.5833333333333,4.4825406E-6
48.25,-15.75,1.3902556E-5
44.4166666666667,-17.5833333333333,6.581528E-6
44.75,-18.9166666666667,8.3740196E-7
44.4166666666667,-23.4166666666667,2.406916E-6
45.4166666666667,-24.25,2.6833518E-6
45.9166666666667,-24.25,2.3746666E-6
47.9166666666667,-15.0833333333333,4.650824E-5
47.25,-22.4166666666667,5.0662256E-5
45.4166666666667,-25.0833333333333,2.3542711E-4
45.0833333333333,-21.9166666666667,3.0047172E-8
48.0833333333333,-14.75,2.2713264E-4
47.9166666666667,-14.9166666666667,2.2150311E-4
48.25,-18.75,0.008029437
45.5833333333333,-19.75,7.798787E-10
47.9166666666667,-17.4166666666667,3.2926705E-6
47.75,-21.9166666666667,6.162109E-4
44.75,-22.5833333333333,2.3875621E-9
47.5833333333333,-17.75,2.3427456E-6
47.5833333333333,-20.9166666666667,0.0014896978
48.25,-15.9166666666667,3.1655E-6
44.9166666666667,-25.0833333333333,6.199307E-5
48.9166666666667,-13.5833333333333,2.9369044E-6
40.0833333333333,-14.5833333333333,1.3481944E-5
47.9166666666667,-21.9166666666667,4.8593813E-4
44.5833333333333,-24.4166666666667,8.211423E-5
45.9166666666667,-23.75,3.2514333E-7
44.0833333333333,-24.4166666666667,8.145312E-5
48.75,-13.25,6.9907483E-6
45.25,-23.75,1.2073071E-8
45.9166666666667,-15.75,1.3597356E-6
40.5833333333333,-10.75,6.1348914E-7
46.4166666666667,-19.9166666666667,1.4110775E-5
59.4166666666667,-16.75,1.4709345E-12
45.9166666666667,-22.75,4.350491E-6
46.25,-18.5833333333333,3.107314E-7
45.25,-24.25,2.8346321E-5
46.75,-24.25,2.1174761E-5
44.5833333333333,-20.25,3.636018E-8
47.25,-18.5833333333333,1.24247E-4
46.0833333333333,-17.4166666666667,1.2009896E-6
47.0833333333333,-20.5833333333333,3.6464003E-4
46.9166666666667,-16.75,8.802405E-8
40.0833333333333,-10.75,2.7866831E-6
48.4166666666667,-19.9166666666667,4.9198867E-4
46.5833333333333,-20.25,4.3223936E-6
47.9166666666667,-22.4166666666667,1.347175E-5
44.5833333333333,-21.0833333333333,1.8366828E-8
49.5833333333333,-16.5833333333333,4.1731598E-4
44.75,-22.9166666666667,1.8107633E-9
45.4166666666667,-22.0833333333333,1.6287807E-8
47.5833333333333,-18.9166666666667,3.0692102E-4
45.9166666666667,-22.0833333333333,1.1299771E-6
44.75,-19.5833333333333,1.22002E-7
